SECTOR_ID,FUND_ID,WEIGHT
SEC127,ID1,0.013865661705750496
SEC46,ID1,0.017029874502706217
SEC77,ID1,0.006713873850387577
SEC137,ID1,0.006125561619889613
SEC12,ID1,0.01379594246850494
SEC74,ID1,0.0056449033772816475
SEC179,ID1,0.005957835439666145
SEC14,ID1,0.011249872729496398
SEC49,ID1,0.011662897951207198
SEC5,ID1,0.03429589263323704
SEC50,ID1,0.10730994855233755
SEC66,ID1,0.014181287408342624
SEC52,ID1,0.022193097777344555
SEC53,ID1,0.014050683870998006
SEC63,ID1,0.013986671610935733
SEC54,ID1,0.013583059119798508
SEC16,ID1,0.0063103171112477005
SEC62,ID1,0.03011669679031556
SEC148,ID1,0.007720895277207289
SEC55,ID1,0.011356837419964615
SEC24,ID1,0.019330294313530817
SEC120,ID1,0.0032790334506868947
SEC61,ID1,0.09262193474894771
SEC58,ID1,0.04490212453816604
SEC79,ID1,0.004073157493332311
SEC102,ID1,0.004074653830156291
SEC180,ID1,0.01855470683531901
SEC37,ID1,0.0033368767327486854
SEC21,ID1,0.01192415843864914
SEC117,ID1,0.040968926781006366
SEC26,ID1,0.013381770627044445
SEC128,ID1,0.04193214819111077
SEC27,ID1,0.0069333963652679475
SEC119,ID1,0.0052409977008157005
SEC124,ID1,0.005607679367134889
SEC193,ID1,0.00850354688437004
SEC30,ID1,0.025925968081424777
SEC91,ID1,0.010956259319004838
SEC33,ID1,0.008637285789285907
SEC15,ID1,0.03836930120549448
SEC6,ID1,0.009006015854165076
SEC13,ID1,0.020223609346818147
SEC113,ID1,0.012362368358071956
SEC185,ID1,0.0013741849775355786
SEC40,ID1,0.03661387159410814
SEC86,ID1,0.005686984439057681
SEC132,ID1,0.0030613897391298076
SEC181,ID1,0.00401001777152227
SEC133,ID1,0.00332921297742065
SEC42,ID1,0.003409566030943977
SEC8,ID1,0.013697139792473941
SEC9,ID1,0.11151960720863625
SEC127,ID10,0.08446372524374963
SEC180,ID10,0.11306023427008353
SEC55,ID10,0.06930858829689018
SEC86,ID10,0.03466955956148064
SEC91,ID10,0.06674868407183485
SEC61,ID10,0.5642369495699902
SEC13,ID10,0.067512258985971
SEC79,ID11,0.04492839771097352
SEC42,ID11,0.07114277271983477
SEC63,ID11,0.1542436233770868
SEC53,ID11,0.17768179837095843
SEC128,ID11,0.46319284637069635
SEC57,ID11,0.0034413942747403637
SEC148,ID11,0.08536916717570976
SEC105,ID12,0.019443987015082882
SEC37,ID12,0.1104468580920539
SEC173,ID12,0.018597799582066837
SEC5,ID12,0.8515113553107964
SEC180,ID13,0.04903561873681655
SEC133,ID13,0.011614757809410075
SEC8,ID13,0.02875801834961775
SEC137,ID13,0.021595227088389374
SEC44,ID13,0.008033162066140687
SEC30,ID13,0.0913140416692663
SEC191,ID13,0.009631941565350268
SEC37,ID13,0.011755601482171387
SEC86,ID13,0.01999087321816128
SEC39,ID13,0.01431171992386289
SEC33,ID13,0.030305718408269948
SEC28,ID13,0.008700273238753695
SEC55,ID13,0.03996414200520337
SEC61,ID13,0.3357156132718222
SEC62,ID13,0.10601222161999582
SEC24,ID13,0.06795441992933446
SEC25,ID13,0.008115380954735832
SEC119,ID13,0.01840263115794612
SEC97,ID13,0.012633009125246729
SEC127,ID13,0.04870277108329368
SEC94,ID13,0.006603717621635325
SEC14,ID13,0.039552815924976066
SEC36,ID13,0.011296323749600186
SEC9,ID14,0.983839818433156
SEC22,ID14,0.016160181566843967
SEC191,ID15,0.002123650029624062
SEC128,ID15,0.03250247373549964
SEC21,ID15,0.014448206539841949
SEC193,ID15,0.00772312365567168
SEC129,ID15,0.0055694072625086365
SEC127,ID15,0.012808712806488714
SEC15,ID15,0.0326677192511458
SEC185,ID15,0.0031128565608426056
SEC145,ID15,0.002191985396446952
SEC16,ID15,0.006413499637755917
SEC167,ID15,0.002453046347148755
SEC142,ID15,0.002495261341341412
SEC17,ID15,0.0025343876032098652
SEC140,ID15,0.0005779689405402021
SEC14,ID15,0.008729718258596444
SEC186,ID15,0.0014049730123442442
SEC173,ID15,0.0008405365973145601
SEC133,ID15,0.002577220585859906
SEC179,ID15,0.00461068513694758
SEC180,ID15,0.017786783762857413
SEC148,ID15,0.005983906912670301
SEC181,ID15,0.0031047555579658552
SEC182,ID15,0.001385227933266544
SEC13,ID15,0.020302086624142034
SEC137,ID15,0.004753850647964134
SEC132,ID15,0.0023752330398778897
SEC1,ID15,0.0015917486045654264
SEC23,ID15,0.0015980437380880002
SEC60,ID15,0.001417992211172344
SEC61,ID15,0.07410343544387368
SEC62,ID15,0.027528007258062995
SEC63,ID15,0.010838068612162733
SEC66,ID15,0.0109944556882717
SEC68,ID15,0.0028894532797622665
SEC7,ID15,0.0011119760032159939
SEC72,ID15,0.0011760855752519753
SEC73,ID15,0.0020246590474193187
SEC74,ID15,0.011894777753364628
SEC75,ID15,0.003030760590537162
SEC77,ID15,0.006702737292724418
SEC6,ID15,0.009765855613694682
SEC79,ID15,0.0031566281720698673
SEC81,ID15,0.0011899593102485087
SEC82,ID15,0.0008820165391570246
SEC86,ID15,0.006599378345113593
SEC87,ID15,0.0010724038700865596
SEC89,ID15,0.0012561805697152285
SEC9,ID15,0.0942625410763134
SEC91,ID15,0.008496878175800485
SEC92,ID15,0.0014432656099011211
SEC93,ID15,0.0016195211812848576
SEC94,ID15,0.0024302113257841347
SEC96,ID15,0.0037073194106416324
SEC97,ID15,0.0027796428109477774
SEC8,ID15,0.0196830061754065
SEC59,ID15,0.0015174097052346063
SEC58,ID15,0.04422142212684737
SEC55,ID15,0.008819841726543619
SEC24,ID15,0.01680193218994575
SEC25,ID15,0.0028855847264673646
SEC26,ID15,0.011078829110900025
SEC27,ID15,0.012920610158498255
SEC28,ID15,0.0029302033115960833
SEC29,ID15,0.0014915385849239443
SEC3,ID15,0.0010297726487194729
SEC30,ID15,0.024044559384072933
SEC33,ID15,0.01627108161750628
SEC36,ID15,0.0024902309213481197
SEC37,ID15,0.005991106493323359
SEC38,ID15,0.003551215768298974
SEC4,ID15,0.0007318311269507922
SEC40,ID15,0.03312475846799879
SEC41,ID15,0.0011778439535695346
SEC42,ID15,0.004283599243229788
SEC43,ID15,0.002292439526066461
SEC44,ID15,0.0017728697385223503
SEC45,ID15,0.00416048583933021
SEC46,ID15,0.01430747880120819
SEC47,ID15,0.0014330828661708625
SEC49,ID15,0.009056934525796924
SEC5,ID15,0.04290863224148423
SEC50,ID15,0.08713270418668045
SEC52,ID15,0.01722623556301677
SEC53,ID15,0.013114297057755322
SEC54,ID15,0.010532319805966701
SEC22,ID15,0.0014842697339053745
SEC39,ID15,0.004148431283277733
SEC31,ID15,0.000849573808843099
SEC117,ID15,0.03180737768159908
SEC113,ID15,0.010862558257541984
SEC105,ID15,0.0005955636133802406
SEC101,ID15,0.0012111381951451028
SEC102,ID15,0.004689941929739069
SEC12,ID15,0.010694858635016352
SEC106,ID15,0.0015981369052171603
SEC124,ID15,0.004342319641327074
SEC119,ID15,0.005178130729252866
SEC112,ID15,0.0011441092855652088
SEC120,ID15,0.005368452419705038
SEC100,ID16,0.19828734979909418
SEC101,ID16,0.531108988381662
SEC189,ID16,0.04039344503734793
SEC88,ID16,0.18056882261461285
SEC156,ID16,0.0496413941672831
SEC124,ID17,0.10383250011750318
SEC129,ID17,0.10741545966941572
SEC21,ID17,0.3004644916673257
SEC179,ID17,0.0887655213754263
SEC43,ID17,0.04421386278984798
SEC125,ID17,0.022066040693169288
SEC12,ID17,0.20638949954299846
SEC193,ID17,0.12685262414431336
SEC64,ID18,0.012400712829700088
SEC162,ID18,0.004179348236108255
SEC36,ID18,0.002948914942531628
SEC33,ID18,0.018922198013831448
SEC87,ID18,0.007344712072947457
SEC169,ID18,0.005859116933562466
SEC63,ID18,0.01725726375681778
SEC103,ID18,0.0060171412669557806
SEC16,ID18,0.015948673999561243
SEC31,ID18,0.007306317050630756
SEC35,ID18,0.0022660977574202085
SEC165,ID18,0.0016481922414685953
SEC156,ID18,0.003228503219908985
SEC37,ID18,0.008003413991223247
SEC42,ID18,0.004661240941326622
SEC105,ID18,0.0012887090365749317
SEC100,ID18,0.003966261273811145
SEC141,ID18,0.0038669523727132794
SEC90,ID18,0.0033950575256668793
SEC41,ID18,0.014975086900023575
SEC144,ID18,0.002212922410268766
SEC61,ID18,0.004716114165610109
SEC113,ID18,0.008845628693225213
SEC40,ID18,0.014094213362126623
SEC9,ID18,0.009687559288296715
SEC104,ID18,0.002174473272346263
SEC38,ID18,0.00707880151493662
SEC153,ID18,0.00425046967103387
SEC155,ID18,0.002247887856067749
SEC99,ID18,0.005966340242008912
SEC157,ID18,0.006731189921065827
SEC158,ID18,0.004354784265668444
SEC4,ID18,0.004520919175481372
SEC101,ID18,0.002188380983037443
SEC89,ID18,0.004881038238743212
SEC30,ID18,0.016920292643937854
SEC21,ID18,0.010273326898852513
SEC75,ID18,0.002116380169517541
SEC8,ID18,0.010862057338825986
SEC197,ID18,0.0016122324214129958
SEC196,ID18,0.0097315146891096
SEC186,ID18,0.008963539833817603
SEC76,ID18,0.0023959008023876453
SEC102,ID18,0.008769318924593305
SEC185,ID18,0.01644698402668987
SEC77,ID18,0.002290943584934169
SEC187,ID18,0.0073011490102766405
SEC188,ID18,0.004896048554902612
SEC189,ID18,0.007658149661754126
SEC19,ID18,0.0029830077741870493
SEC190,ID18,0.0035018073225625552
SEC193,ID18,0.01831103665525294
SEC192,ID18,0.007602173832002417
SEC191,ID18,0.019463239076191678
SEC194,ID18,0.02246739252334596
SEC22,ID18,0.013421569910906029
SEC184,ID18,0.007543296052889562
SEC74,ID18,0.04101413646412135
SEC172,ID18,0.006679272761749287
SEC3,ID18,0.002389582805410232
SEC114,ID18,0.0017104184236904647
SEC60,ID18,0.006785704629460875
SEC84,ID18,0.0030670154877443273
SEC29,ID18,0.013196645159839674
SEC178,ID18,0.003994807255871835
SEC83,ID18,0.006613461420643018
SEC28,ID18,0.005629017377691272
SEC71,ID18,0.0024425349256877397
SEC27,ID18,0.04042823356455105
SEC180,ID18,0.02629969061499362
SEC116,ID18,0.0021505000589758633
SEC81,ID18,0.03246472983260697
SEC25,ID18,0.007750694112126709
SEC181,ID18,0.0021725859905939093
SEC182,ID18,0.01005271786734889
SEC24,ID18,0.05760295072916821
SEC183,ID18,0.03995584491260171
SEC170,ID18,0.0016373758847588692
SEC7,ID18,0.004231535973453806
SEC78,ID18,0.003394814005440769
SEC97,ID18,0.028350780306110736
SEC106,ID18,0.0019206034366264283
SEC46,ID18,0.021743920989375595
SEC133,ID18,0.0064477053200707075
SEC48,ID18,0.0074280365769814815
SEC134,ID18,0.012549375163289613
SEC47,ID18,0.004180843179718542
SEC136,ID18,0.008288549118195335
SEC123,ID18,0.007221869647776335
SEC13,ID18,0.007498846847173734
SEC59,ID18,0.001450582342430931
SEC56,ID18,0.003206478168347466
SEC94,ID18,0.0017475552581722631
SEC45,ID18,0.009718844872901145
SEC49,ID18,0.00828052647963515
SEC127,ID18,0.0019183644034363597
SEC95,ID18,0.007812243849276051
SEC5,ID18,0.04604364086738305
SEC43,ID18,0.008816419794993445
SEC108,ID18,0.0029343646090215464
SEC6,ID18,0.027124649203195392
SEC53,ID18,0.002377149744977163
SEC110,ID18,0.001958978165590953
SEC50,ID18,0.014349402265737887
SEC41,ID19,0.04801264546329308
SEC50,ID19,0.15875663120178607
SEC96,ID19,0.10645231894236723
SEC5,ID19,0.17615399444849916
SEC17,ID19,0.10324565477413733
SEC45,ID19,0.04655047308289488
SEC102,ID19,0.06182066353173515
SEC59,ID19,0.037097951296659576
SEC44,ID19,0.07226167312704412
SEC9,ID19,0.10307661821741124
SEC191,ID19,0.08657137591417213
SEC74,ID2,0.011364001867643478
SEC66,ID2,0.011701690413330268
SEC22,ID2,0.001580471570343198
SEC21,ID2,0.013462323986961264
SEC58,ID2,0.047045675611750784
SEC46,ID2,0.015217889103829235
SEC53,ID2,0.011593922894283057
SEC63,ID2,0.011541103172889804
SEC36,ID2,0.0026500111719178114
SEC185,ID2,0.001133827128631563
SEC132,ID2,0.0025261059825054085
SEC1,ID2,0.0006684755615140332
SEC96,ID2,0.0027768963115045024
SEC33,ID2,0.01458933676769347
SEC31,ID2,0.0009039479235965031
SEC16,ID2,0.0060735222488450865
SEC47,ID2,0.0015230360306296735
SEC26,ID2,0.011041969078755964
SEC72,ID2,0.0012510945859975377
SEC27,ID2,0.009229717350600002
SEC101,ID2,0.001288195174775437
SEC73,ID2,0.0021582692072349887
SEC28,ID2,0.003121367034625636
SEC179,ID2,0.004916108378674239
SEC25,ID2,0.001908673045897231
SEC49,ID2,0.009623641155950628
SEC29,ID2,0.0015850558616077551
SEC13,ID2,0.021585061427098203
SEC5,ID2,0.04175051004301839
SEC7,ID2,0.0011830501920362022
SEC181,ID2,0.0033088664775739276
SEC173,ID2,0.000892761287797033
SEC59,ID2,0.0009699909929292904
SEC12,ID2,0.01138372300610663
SEC117,ID2,0.03380551313526762
SEC105,ID2,0.0006340380438300292
SEC30,ID2,0.024008718633537235
SEC6,ID2,0.008515480589421533
SEC128,ID2,0.03460031535709569
SEC68,ID2,0.003076023407597088
SEC23,ID2,0.0017019958236398828
SEC17,ID2,0.0026994562115310503
SEC86,ID2,0.00702199055727042
SEC24,ID2,0.017890906662097472
SEC180,ID2,0.018911726024635624
SEC102,ID2,0.004971142071469785
SEC124,ID2,0.004627177068058679
SEC137,ID2,0.0050545076493942465
SEC44,ID2,0.0018850090952419114
SEC77,ID2,0.007134624502560365
SEC142,ID2,0.0026488961436004115
SEC79,ID2,0.003360966223960158
SEC15,ID2,0.0347471954058028
SEC97,ID2,0.002952636484376067
SEC120,ID2,0.00270569470810665
SEC9,ID2,0.10030186753715482
SEC113,ID2,0.011563249642710391
SEC93,ID2,0.0017217163186937327
SEC148,ID2,0.006370897341412986
SEC40,ID2,0.031265893305523595
SEC193,ID2,0.007016702376231346
SEC106,ID2,0.001698096119870833
SEC61,ID2,0.07885981959057366
SEC112,ID2,0.0012175108724550169
SEC52,ID2,0.018312636365474026
SEC41,ID2,0.00125265967912049
SEC54,ID2,0.011208062294283649
SEC91,ID2,0.009040558233361615
SEC39,ID2,0.004408554630436821
SEC55,ID2,0.009371095284675696
SEC127,ID2,0.013631209277147553
SEC37,ID2,0.006370651237355626
SEC8,ID2,0.019110881148763297
SEC89,ID2,0.0013391750672745145
SEC94,ID2,0.0025853807077038083
SEC14,ID2,0.009282833361976038
SEC50,ID2,0.09268168519840136
SEC45,ID2,0.0030002027688324625
SEC43,ID2,0.002441824511441986
SEC191,ID2,0.002258050408342366
SEC92,ID2,0.0015347460798949284
SEC186,ID2,0.0014958812628156374
SEC119,ID2,0.005517163653248218
SEC38,ID2,0.003778709685016773
SEC133,ID2,0.002747100348512781
SEC62,ID2,0.029297476167343402
SEC42,ID2,0.002813403676907535
SEC36,ID20,0.05487478241638298
SEC38,ID20,0.03739757995358901
SEC29,ID20,0.032850537555135166
SEC61,ID20,0.05033448220032535
SEC5,ID20,0.09526584471823893
SEC25,ID20,0.03948671045896234
SEC47,ID20,0.031563073855824665
SEC28,ID20,0.042305602261898265
SEC44,ID20,0.039085870393695356
SEC50,ID20,0.06540573154524439
SEC59,ID20,0.02004155689356638
SEC97,ID20,0.06120204744356497
SEC62,ID20,0.058953796103852686
SEC9,ID20,0.08502163820828343
SEC45,ID20,0.06210380101458653
SEC191,ID20,0.046772537939865945
SEC17,ID20,0.05581886783221235
SEC96,ID20,0.05750970990854177
SEC39,ID20,0.03806428985372303
SEC41,ID20,0.025941539442506528
SEC96,ID21,0.015877182153527982
SEC101,ID21,0.007366837807752229
SEC25,ID21,0.010912358644085657
SEC5,ID21,0.07696377594703349
SEC106,ID21,0.009705933157498072
SEC1,ID21,0.0038261410395846293
SEC21,ID21,0.02076572577503926
SEC8,ID21,0.04466016884923002
SEC127,ID21,0.012534437766023119
SEC186,ID21,0.008545485345763283
SEC74,ID21,0.03835782552481731
SEC22,ID21,0.009038785872342152
SEC58,ID21,0.057130467850825636
SEC102,ID21,0.009217453019399167
SEC50,ID21,0.023592469653879067
SEC77,ID21,0.009091088927192702
SEC23,ID21,0.009733455367907155
SEC24,ID21,0.011067188786124952
SEC73,ID21,0.012331035770597918
SEC97,ID21,0.0168964569773024
SEC119,ID21,0.006820901214752247
SEC92,ID21,0.008777279797304062
SEC59,ID21,0.005542565467195418
SEC36,ID21,0.015168623683674717
SEC17,ID21,0.015435362272009378
SEC9,ID21,0.04735044421848475
SEC38,ID21,0.021632078373894123
SEC15,ID21,0.017643766218974375
SEC31,ID21,0.0051840131970608775
SEC86,ID21,0.01332179670862329
SEC33,ID21,0.04266261458187606
SEC46,ID21,0.00666442257344652
SEC113,ID21,0.007791856243622346
SEC105,ID21,0.003626091237980228
SEC180,ID21,0.020597646924051787
SEC39,ID21,0.025232893849684367
SEC16,ID21,0.004955914989969047
SEC6,ID21,0.006210805619052522
SEC45,ID21,0.017167465841080573
SEC191,ID21,0.01289598530044979
SEC94,ID21,0.014787192966689656
SEC89,ID21,0.007642773770900381
SEC37,ID21,0.020687079849098584
SEC68,ID21,0.017567122042142932
SEC112,ID21,0.006977127797576389
SEC44,ID21,0.010793953712399926
SEC62,ID21,0.025429716566787296
SEC7,ID21,0.006765915668907886
SEC29,ID21,0.009070179112278656
SEC28,ID21,0.017846750570054172
SEC40,ID21,0.006027610618541616
SEC43,ID21,0.013964900926353187
SEC13,ID21,0.028025847173248207
SEC72,ID21,0.007153320355890827
SEC27,ID21,0.020062742029267784
SEC41,ID21,0.007164015362850383
SEC93,ID21,0.009852366256398988
SEC61,ID21,0.013916029178569485
SEC30,ID21,0.014962024041234943
SEC47,ID21,0.008718507854707118
SEC173,ID21,0.00510574075923525
SEC142,ID21,0.015182280837753638
SEC38,ID22,0.015848747860589797
SEC43,ID22,0.010231388304647968
SEC42,ID22,0.007332413984116087
SEC6,ID22,0.01236056343514182
SEC60,ID22,0.006318598733085584
SEC112,ID22,0.005111794499984259
SEC39,ID22,0.01848688625773892
SEC44,ID22,0.007908193001609774
SEC106,ID22,0.0071110544583901595
SEC4,ID22,0.0032611917690176903
SEC77,ID22,0.006660588672753582
SEC193,ID22,0.005080725337599764
SEC61,ID22,0.010195582405892304
SEC40,ID22,0.020957990669637622
SEC41,ID22,0.005248717723407929
SEC50,ID22,0.017280685911346273
SEC72,ID22,0.005240882023770588
SEC37,ID22,0.015156394445016548
SEC26,ID22,0.0031104573330558833
SEC27,ID22,0.033593910268398475
SEC25,ID22,0.012864413884194403
SEC28,ID22,0.013071452667971748
SEC7,ID22,0.004957049878847655
SEC58,ID22,0.04185665216607072
SEC29,ID22,0.006645269091405161
SEC3,ID22,0.00458888118076631
SEC47,ID22,0.006387617052856979
SEC73,ID22,0.009034336572299465
SEC24,ID22,0.008108378749612778
SEC30,ID22,0.017548785998731376
SEC68,ID22,0.012870556544309209
SEC23,ID22,0.007131218613022016
SEC102,ID22,0.006753169357854534
SEC59,ID22,0.006762781670621414
SEC5,ID22,0.07258741423211403
SEC22,ID22,0.006622268825980776
SEC31,ID22,0.003784332893712796
SEC46,ID22,0.004882690935996414
SEC33,ID22,0.04273444597985636
SEC105,ID22,0.0026538434954588882
SEC21,ID22,0.023220150280334726
SEC113,ID22,0.0057087055083973656
SEC36,ID22,0.011113296096636454
SEC45,ID22,0.018552358091058256
SEC75,ID22,0.013510567270631197
SEC62,ID22,0.01863108847274037
SEC74,ID22,0.03350763534674212
SEC53,ID22,0.009882860752174
SEC8,ID22,0.040269335952318096
SEC89,ID22,0.005599480195888555
SEC145,ID22,0.009753860845878886
SEC94,ID22,0.010828651130987335
SEC142,ID22,0.011122444710680602
SEC186,ID22,0.006260852066568524
SEC119,ID22,0.004997335053346462
SEC17,ID22,0.01130872219292443
SEC13,ID22,0.020533144238432027
SEC140,ID22,0.0025755498532714356
SEC16,ID22,0.006758345529643178
SEC101,ID22,0.005389413890799414
SEC92,ID22,0.0064306763319237625
SEC167,ID22,0.01093335807687231
SEC86,ID22,0.009760217831856814
SEC93,ID22,0.007218338706478229
SEC185,ID22,0.009120469958008469
SEC180,ID22,0.01509087138916389
SEC129,ID22,0.024818437551948746
SEC96,ID22,0.016518297813103544
SEC1,ID22,0.00708634902179061
SEC15,ID22,0.012926709920447577
SEC97,ID22,0.01237919360969673
SEC191,ID22,0.009448246992640148
SEC173,ID22,0.0037407222984320657
SEC182,ID22,0.006168484359369292
SEC82,ID22,0.0039304492139069225
SEC81,ID22,0.005302706273532609
SEC120,ID22,0.012585921014389913
SEC9,ID22,0.03469131530196996
SEC127,ID22,0.00918335909727909
SEC44,ID23,0.020169652910024687
SEC62,ID23,0.04751813565433239
SEC74,ID23,0.02523986877936903
SEC39,ID23,0.035883818153890204
SEC43,ID23,0.026094905732627988
SEC15,ID23,0.032969257618134434
SEC36,ID23,0.028344189995092646
SEC40,ID23,0.011263232851656603
SEC191,ID23,0.024097522962697644
SEC8,ID23,0.0544648012245704
SEC89,ID23,0.01428133734275826
SEC22,ID23,0.01688993473853255
SEC61,ID23,0.026003583663239165
SEC102,ID23,0.017223793344802514
SEC41,ID23,0.013386726232185188
SEC25,ID23,0.020390905144244742
SEC9,ID23,0.04387724098463927
SEC37,ID23,0.027265645517265433
SEC21,ID23,0.023679335062295297
SEC112,ID23,0.013037506898360758
SEC94,ID23,0.016576899750614736
SEC106,ID23,0.01813657054409488
SEC28,ID23,0.021871994883626313
SEC97,ID23,0.031572830653317834
SEC50,ID23,0.044085043987392665
SEC68,ID23,0.03282603980513892
SEC5,ID23,0.0688579954678909
SEC96,ID23,0.02966820701278477
SEC30,ID23,0.027958136544209453
SEC73,ID23,0.023041854554957143
SEC17,ID23,0.02884261947587128
SEC47,ID23,0.01629146112797886
SEC59,ID23,0.010356874291205818
SEC38,ID23,0.01932521857175632
SEC119,ID23,0.012745580878031218
SEC45,ID23,0.032079239598880246
SEC33,ID23,0.018561885299515225
SEC27,ID23,0.025120152742014148
SEC174,ID24,0.0016594195804309694
SEC29,ID24,0.014591978066937778
SEC37,ID24,0.019654868812815855
SEC64,ID24,0.0012604633963466615
SEC35,ID24,0.002785934050230643
SEC151,ID24,0.0024808486286902326
SEC165,ID24,0.0013695622587122389
SEC84,ID24,0.0025210748497118927
SEC173,ID24,0.0024168967059046507
SEC150,ID24,0.0007091260578271174
SEC3,ID24,0.004293903493596086
SEC68,ID24,0.009601307792870564
SEC89,ID24,0.009070032180367171
SEC36,ID24,0.013231530895027582
SEC33,ID24,0.03407911482526367
SEC63,ID24,0.0020940087342667317
SEC161,ID24,0.0008857876923840924
SEC30,ID24,0.014090690968083793
SEC159,ID24,0.0015714310361424687
SEC62,ID24,0.012026747388746668
SEC87,ID24,0.005392332417896787
SEC168,ID24,0.001992255241869473
SEC88,ID24,0.0015111735714320113
SEC167,ID24,0.007062750022036545
SEC86,ID24,0.008078803504899803
SEC31,ID24,0.007356698072085984
SEC16,ID24,0.004367595826356254
SEC66,ID24,0.0038967274774291648
SEC113,ID24,0.003688419090614806
SEC85,ID24,0.000806138241935602
SEC17,ID24,0.011577054677169553
SEC9,ID24,0.030839797089075343
SEC104,ID24,0.0009716407319106395
SEC94,ID24,0.00823501585242143
SEC131,ID24,0.001186045584195502
SEC46,ID24,0.006098879670829882
SEC59,ID24,0.005148096689141112
SEC11,ID24,0.0015688034595246817
SEC95,ID24,0.00203071784252288
SEC47,ID24,0.0059877437180735175
SEC13,ID24,0.016182639967945132
SEC48,ID24,0.0006676988331077685
SEC105,ID24,0.0031364424941444976
SEC58,ID24,0.026979614438447295
SEC123,ID24,0.0013358453209657995
SEC108,ID24,0.0006693013326028723
SEC96,ID24,0.013720690382213461
SEC5,ID24,0.06793596122870917
SEC57,ID24,0.001387039954292534
SEC127,ID24,0.005926796481841256
SEC124,ID24,0.0029991901542361344
SEC50,ID24,0.015570588800728482
SEC125,ID24,0.0032921836719776196
SEC107,ID24,0.0018645264519496752
SEC97,ID24,0.011203396212016919
SEC53,ID24,0.008309310864339541
SEC106,ID24,0.004586597413605877
SEC129,ID24,0.016035298848606726
SEC38,ID24,0.012314526686663597
SEC132,ID24,0.0023398504462120657
SEC1,ID24,0.007000845640725414
SEC112,ID24,0.0032905306589114747
SEC100,ID24,0.0011478329386263857
SEC39,ID24,0.012874748317220942
SEC15,ID24,0.008350870469451965
SEC4,ID24,0.007422292556854047
SEC61,ID24,0.011773900837975727
SEC120,ID24,0.008131817497707663
SEC40,ID24,0.020831056412345554
SEC145,ID24,0.006302011287536144
SEC83,ID24,0.0012392416000438387
SEC142,ID24,0.008396656666982725
SEC45,ID24,0.011975825354518828
SEC41,ID24,0.004687054971628835
SEC60,ID24,0.004751154951432987
SEC42,ID24,0.0067999993276469505
SEC14,ID24,0.0008949167139643521
SEC121,ID24,0.0026091722594552237
SEC92,ID24,0.0071630011711571445
SEC43,ID24,0.0077586528462581395
SEC110,ID24,0.000500772382983549
SEC122,ID24,0.0014881689944408858
SEC93,ID24,0.004661970628988629
SEC44,ID24,0.005100566902485789
SEC6,ID24,0.01781465419423891
SEC140,ID24,0.0016640737963558795
SEC114,ID24,0.0014054094756787998
SEC191,ID24,0.006101889582925033
SEC102,ID24,0.004359109546421314
SEC20,ID24,0.0019851789873054954
SEC185,ID24,0.008949969260314713
SEC7,ID24,0.009114311680003076
SEC119,ID24,0.004670166020428263
SEC21,ID24,0.023479820860413506
SEC81,ID24,0.0081910603363791
SEC25,ID24,0.010294131902029555
SEC197,ID24,0.0045339413704135
SEC74,ID24,0.05118595370175162
SEC8,ID24,0.032709985415599836
SEC80,ID24,0.003302279418796774
SEC22,ID24,0.008680163213528467
SEC73,ID24,0.007862641999635798
SEC183,ID24,0.009347901238199976
SEC23,ID24,0.004601047778618248
SEC24,ID24,0.018846624677522017
SEC184,ID24,0.0029347905767002896
SEC117,ID24,0.00123259645268099
SEC101,ID24,0.004161024932200989
SEC27,ID24,0.032447261719843044
SEC78,ID24,0.0018012956539368897
SEC72,ID24,0.006408590567815126
SEC190,ID24,0.0031921380608357407
SEC79,ID24,0.0006797315140992653
SEC28,ID24,0.011053274233500323
SEC193,ID24,0.0014182085694723027
SEC75,ID24,0.008729562873235959
SEC26,ID24,0.002581046651468875
SEC77,ID24,0.004904673532140291
SEC180,ID24,0.009740382975954608
SEC194,ID24,0.003051688560249918
SEC82,ID24,0.006608384805138107
SEC195,ID24,0.0014177896552021152
SEC18,ID24,0.0019344494272017967
SEC186,ID24,0.006356746225453964
SEC196,ID24,0.0009484123275443822
SEC187,ID24,0.0008083477752068402
SEC182,ID24,0.0053967802249193396
SEC63,ID25,0.11877649858385195
SEC112,ID25,0.012543695674915213
SEC73,ID25,0.022224106540905376
SEC179,ID25,0.05044549579595608
SEC145,ID25,0.02408252468596304
SEC9,ID25,0.014615850743945478
SEC60,ID25,0.005788513794022522
SEC42,ID25,0.046917161756053
SEC1,ID25,0.010537282088070723
SEC75,ID25,0.023907845292924303
SEC128,ID25,0.17450336386094314
SEC5,ID25,0.03790360757237474
SEC97,ID25,0.030563491326324608
SEC53,ID25,0.04273873887593713
SEC117,ID25,0.13383007756019089
SEC44,ID25,0.019437255366643875
SEC8,ID25,0.11668386459374527
SEC81,ID25,0.013046386029745005
SEC27,ID25,0.04916605903413973
SEC3,ID25,0.01127859581606456
SEC30,ID25,0.04100958500728338
SEC179,ID26,0.020592097028014015
SEC27,ID26,0.0239639332326503
SEC181,ID26,0.013859844883509284
SEC52,ID26,0.013280493167431441
SEC180,ID26,0.01591538339228903
SEC132,ID26,0.010581096975088666
SEC77,ID26,0.02320519644442784
SEC15,ID26,0.09616899449887395
SEC13,ID26,0.0698989641697231
SEC21,ID26,0.012986460764732408
SEC66,ID26,0.049014856024809664
SEC133,ID26,0.011506775800073296
SEC74,ID26,0.019510508344161542
SEC6,ID26,0.031127538546984742
SEC49,ID26,0.040310533694858534
SEC58,ID26,0.055378588689851654
SEC54,ID26,0.012046915919162389
SEC16,ID26,0.021810381227923146
SEC86,ID26,0.019655953332682823
SEC5,ID26,0.025324991628777486
SEC33,ID26,0.029853094942418987
SEC8,ID26,0.04734149414987876
SEC102,ID26,0.014083246822750283
SEC46,ID26,0.05886044213303736
SEC26,ID26,0.008193228087802564
SEC53,ID26,0.04856345035232386
SEC40,ID26,0.056070596096209346
SEC42,ID26,0.011784500468941
SEC120,ID26,0.011333340045798886
SEC137,ID26,0.021171809880488054
SEC61,ID26,0.03292917795637883
SEC119,ID26,0.01811448709379641
SEC148,ID26,0.026685769739940454
SEC30,ID26,0.028875854464209934
SEC5,ID27,0.9999999999999999
SEC127,ID28,0.11119898963517376
SEC66,ID28,0.04067863924194471
SEC74,ID28,0.03808483566267879
SEC15,ID28,0.16569839529682015
SEC8,ID28,0.026852283486856768
SEC55,ID28,0.07668158930787038
SEC61,ID28,0.12028175682088227
SEC43,ID28,0.019947896730336246
SEC91,ID28,0.07375525967163112
SEC119,ID28,0.03530840947999505
SEC28,ID28,0.01667086256428133
SEC13,ID28,0.02582986849478418
SEC46,ID28,0.11468602836959105
SEC133,ID28,0.02224282320734393
SEC180,ID28,0.09401861765066781
SEC21,ID28,0.018063744379142523
SEC58,ID29,0.8325156906527075
SEC74,ID29,0.16748430934729253
SEC24,ID3,0.027252654436185183
SEC52,ID3,0.02587158394870856
SEC9,ID3,0.15722498937787446
SEC55,ID3,0.016011342645599867
SEC58,ID3,0.04071572251377863
SEC113,ID3,0.017428982063637626
SEC12,ID3,0.019450094583013205
SEC117,ID3,0.05775970019259371
SEC63,ID3,0.019718992475888944
SEC30,ID3,0.024772925313626327
SEC14,ID3,0.015860539367650636
SEC91,ID3,0.015446590946371025
SEC128,ID3,0.059117689874971985
SEC26,ID3,0.015524124994275627
SEC40,ID3,0.028748325345118043
SEC61,ID3,0.11715031037790494
SEC127,ID3,0.019548387668953317
SEC5,ID3,0.03802160590586964
SEC54,ID3,0.01423597410912021
SEC180,ID3,0.019667245762679603
SEC15,ID3,0.01486689452065749
SEC37,ID3,0.004704467868866915
SEC50,ID3,0.15129003718347878
SEC62,ID3,0.04245977412828743
SEC193,ID3,0.011988654749008117
SEC21,ID3,0.011513942429702462
SEC124,ID3,0.00790594004947348
SEC79,ID3,0.005742507166703763
SEC50,ID30,0.9999999999999999
SEC191,ID31,0.11067646703675268
SEC33,ID31,0.8893235329632474
SEC84,ID32,0.01022505918808782
SEC46,ID32,0.007531662797933509
SEC95,ID32,0.010590720694883033
SEC17,ID32,0.01685244942586845
SEC68,ID32,0.006750617642514793
SEC22,ID32,0.023016771516770205
SEC82,ID32,0.015327609786598317
SEC13,ID32,0.015357187456586364
SEC131,ID32,0.006227188853099943
SEC42,ID32,0.010753518410073295
SEC94,ID32,0.006497831583373498
SEC184,ID32,0.01532890605538912
SEC92,ID32,0.01578763056474092
SEC185,ID32,0.009247686164756727
SEC132,ID32,0.007889628561591743
SEC74,ID32,0.13034792290983072
SEC43,ID32,0.0060956971662854695
SEC123,ID32,0.006963005598498489
SEC6,ID32,0.020587932216039995
SEC7,ID32,0.019946715802500813
SEC21,ID32,0.016656467229633626
SEC47,ID32,0.009728451791863733
SEC182,ID32,0.004329364925444441
SEC197,ID32,0.02065254552987211
SEC151,ID32,0.007808432103860438
SEC24,ID32,0.05624461161531065
SEC78,ID32,0.00941608285146095
SEC73,ID32,0.005537733047296691
SEC31,ID32,0.012403363843892342
SEC29,ID32,0.029521889495241482
SEC100,ID32,0.005998904548260605
SEC50,ID32,0.020153304661262497
SEC41,ID32,0.0067399700451840185
SEC61,ID32,0.020263255544591904
SEC89,ID32,0.015105288318196674
SEC80,ID32,0.017242471689307676
SEC124,ID32,0.015662970441869557
SEC37,ID32,0.02970837936527839
SEC87,ID32,0.007586206150001276
SEC125,ID32,0.01721948907106231
SEC25,ID32,0.006234097738339348
SEC174,ID32,0.008666152695333062
SEC72,ID32,0.01579287476795424
SEC119,ID32,0.0075561645522354655
SEC8,ID32,0.01680174484874608
SEC39,ID32,0.00485890209726648
SEC27,ID32,0.03705022292912282
SEC183,ID32,0.006487388660062324
SEC18,ID32,0.00596717097859943
SEC9,ID32,0.035597906117464474
SEC5,ID32,0.04390606575927002
SEC117,ID32,0.006437484585772168
SEC81,ID32,0.004564367086438223
SEC66,ID32,0.020354822152649634
SEC96,ID32,0.015924384648014902
SEC40,ID32,0.02528573766663467
SEC4,ID32,0.011440199745833074
SEC114,ID32,0.007357980973212046
SEC64,ID32,0.006590135017901791
SEC86,ID32,0.009278773874178274
SEC35,ID32,0.01454249844065687
SEC13,ID33,0.008285469715809107
SEC77,ID33,0.0016975209202807614
SEC174,ID33,0.004685160297274803
SEC28,ID33,0.007405598718802585
SEC95,ID33,0.00573014188699004
SEC83,ID33,0.003500754225197329
SEC68,ID33,0.0036495694078671668
SEC53,ID33,0.0054213012041058875
SEC47,ID33,0.0052594683813657565
SEC78,ID33,0.0050905931481304775
SEC97,ID33,0.009074740987014732
SEC107,ID33,0.005267541088647732
SEC187,ID33,0.0022844458368614542
SEC3,ID33,0.003752284341946553
SEC5,ID33,0.05938720676545492
SEC79,ID33,0.0019191355460788742
SEC194,ID33,0.008618634255054297
SEC96,ID33,0.00860239048280187
SEC105,ID33,0.004014223161079145
SEC57,ID33,0.003916131038358306
SEC101,ID33,0.00191552827785388
SEC186,ID33,0.006526460486575239
SEC196,ID33,0.0026777216774210347
SEC108,ID33,0.0018925076608651984
SEC84,ID33,0.007117934446248119
SEC195,ID33,0.0040029489110371555
SEC193,ID33,0.004004131662241123
SEC123,ID33,0.0037679035428771347
SEC50,ID33,0.012467210774022509
SEC125,ID33,0.009295062209209335
SEC190,ID33,0.009008676586605107
SEC48,ID33,0.001881813721185239
SEC29,ID33,0.02907406059770467
SEC165,ID33,0.003866784986048023
SEC184,ID33,0.00827977480564613
SEC94,ID33,0.003509262165250826
SEC150,ID33,0.0020021273046758616
SEC8,ID33,0.018844860995812337
SEC38,ID33,0.005857320837136549
SEC31,ID33,0.013857073762623087
SEC104,ID33,0.0027374100406749612
SEC24,ID33,0.03844317385162819
SEC39,ID33,0.0026268559988237407
SEC61,ID33,0.01466240192647303
SEC124,ID33,0.008465574938126559
SEC4,ID33,0.015005030934292183
SEC168,ID33,0.005618564925178629
SEC73,ID33,0.005721272482431381
SEC27,ID33,0.03035937919922014
SEC182,ID33,0.003984615037904532
SEC66,ID33,0.011001914815184612
SEC100,ID33,0.003240760429354424
SEC89,ID33,0.015403819723291053
SEC151,ID33,0.00700436082336057
SEC37,ID33,0.027846615660090678
SEC33,ID33,0.01831556384891192
SEC119,ID33,0.00408021379322241
SEC81,ID33,0.013452695797976356
SEC63,ID33,0.005916682161076279
SEC26,ID33,0.0016131816613516017
SEC35,ID33,0.007846073955121378
SEC86,ID33,0.005000062272711519
SEC9,ID33,0.023779488357320498
SEC161,ID33,0.002500908978725441
SEC87,ID33,0.006505822584589978
SEC18,ID33,0.005464315480220287
SEC72,ID33,0.00853148442517683
SEC88,ID33,0.004269181043271887
SEC159,ID33,0.0044367358245393255
SEC25,ID33,0.005591216569896839
SEC80,ID33,0.009322176964980987
SEC64,ID33,0.0035623015487635224
SEC142,ID33,0.0034358111024363727
SEC40,ID33,0.02053693781803574
SEC41,ID33,0.0036373460061313477
SEC82,ID33,0.011488035395784638
SEC7,ID33,0.016700134714378555
SEC122,ID33,0.004208432875924591
SEC17,ID33,0.012083153507815692
SEC85,ID33,0.002276028877669801
SEC132,ID33,0.006601109054246933
SEC74,ID33,0.08343845003921828
SEC11,ID33,0.004429317195885742
SEC131,ID33,0.0033634001721775924
SEC20,ID33,0.005589364986411209
SEC114,ID33,0.00396799504749367
SEC46,ID33,0.008323482503464312
SEC59,ID33,0.002204864631112501
SEC185,ID33,0.008633048574301002
SEC197,ID33,0.012793797642850619
SEC1,ID33,0.006830840648286836
SEC92,ID33,0.008508380204152939
SEC21,ID33,0.023982186340681746
SEC6,ID33,0.027751117721403495
SEC22,ID33,0.012442360704028106
SEC60,ID33,0.0018896552878992859
SEC14,ID33,0.002526683610991555
SEC183,ID33,0.02639661678075359
SEC30,ID33,0.0077664509473548225
SEC42,ID33,0.0058098657113872885
SEC36,ID33,0.017110996909638312
SEC121,ID33,0.007367059717514014
SEC117,ID33,0.0034802810723402722
SEC110,ID33,0.0014150425568513895
SEC43,ID33,0.00329041876732563
SEC80,ID34,0.0383060195196626
SEC9,ID34,0.06427397266198025
SEC95,ID34,0.023545887167560807
SEC94,ID34,0.014420007848669472
SEC6,ID34,0.02718145658424688
SEC73,ID34,0.012295325997999729
SEC7,ID34,0.03375529067545067
SEC86,ID34,0.02054589649365304
SEC74,ID34,0.01960986197777559
SEC78,ID34,0.020917899459693905
SEC84,ID34,0.02271504652623727
SEC72,ID34,0.035056962568955866
SEC100,ID34,0.013316699815047323
SEC96,ID34,0.016380386789520637
SEC68,ID34,0.014996548284943258
SEC124,ID34,0.034786132042249195
SEC35,ID34,0.032240523131734915
SEC22,ID34,0.020125242244740486
SEC123,ID34,0.015482798406836699
SEC132,ID34,0.017514441625589003
SEC47,ID34,0.010942173671217015
SEC42,ID34,0.02387348257633874
SEC24,ID34,0.015529762303573476
SEC25,ID34,0.013849095400881568
SEC41,ID34,0.014946320761131183
SEC5,ID34,0.06776659925441177
SEC40,ID34,0.056140357223282235
SEC27,ID34,0.03982054456477214
SEC185,ID34,0.020506823905726806
SEC29,ID34,0.05225268019311094
SEC17,ID34,0.037437844197090696
SEC50,ID34,0.04468656201349665
SEC4,ID34,0.025400849943469028
SEC174,ID34,0.019251923930895132
SEC37,ID34,0.026252919316944876
SEC119,ID34,0.01676612123913837
SEC31,ID34,0.017109539681971767
SEC3,ID35,0.0013685643114851103
SEC25,ID35,0.0033560156432307954
SEC31,ID35,0.002466658119186311
SEC150,ID35,0.00021090327823400715
SEC89,ID35,0.002884506012239941
SEC24,ID35,0.02065612955995474
SEC140,ID35,0.0004938240284142919
SEC64,ID35,0.00085020553213118
SEC23,ID35,0.0013684112283157126
SEC151,ID35,0.0007373702850864963
SEC113,ID35,0.009633810071674095
SEC33,ID35,0.01659613959277182
SEC153,ID35,0.00016275875097049745
SEC155,ID35,8.607599820523946e-05
SEC22,ID35,0.0030947762358783347
SEC63,ID35,0.010565860963422075
SEC117,ID35,0.0276148923209127
SEC156,ID35,0.0001236256678073891
SEC73,ID35,0.002335487860050598
SEC72,ID35,0.0019066715967632369
SEC15,ID35,0.027973684819791605
SEC116,ID35,8.234683003296355e-05
SEC30,ID35,0.021182533883005214
SEC174,ID35,0.0004926485776144177
SEC68,ID35,0.002856973317810275
SEC142,ID35,0.0025001538045511685
SEC29,ID35,0.004845855238971497
SEC66,ID35,0.010565005407231685
SEC144,ID35,8.47371032769562e-05
SEC28,ID35,0.0035048914861975787
SEC120,ID35,0.004596117532217892
SEC145,ID35,0.0018806285492154746
SEC27,ID35,0.015815226341342872
SEC7,ID35,0.0028731470338514697
SEC157,ID35,0.0002577503544052803
SEC71,ID35,9.352941309426072e-05
SEC114,ID35,0.00048348223717679185
SEC141,ID35,0.0001480731276673541
SEC90,ID35,0.00013000335612702355
SEC148,ID35,0.005127577485218107
SEC26,ID35,0.00964771655085956
SEC9,ID35,0.08360493875066499
SEC158,ID35,0.00016612191826568604
SEC99,ID35,0.00022846277254301287
SEC159,ID35,0.00046740073367080106
SEC186,ID35,0.0022345260130093147
SEC12,ID35,0.009165727586900325
SEC167,ID35,0.0021005417174060313
SEC185,ID35,0.00420324291769407
SEC168,ID35,0.0005917744627188329
SEC184,ID35,0.001339193323902799
SEC183,ID35,0.004310712483090584
SEC182,ID35,0.002865791530025109
SEC169,ID35,0.0002247556214086368
SEC8,ID35,0.019263157678301862
SEC181,ID35,0.0027418071140119407
SEC85,ID35,0.00023973394180385987
SEC17,ID35,0.0034424472813541105
SEC80,ID35,0.0009820640179692432
SEC180,ID35,0.016263246642158367
SEC119,ID35,0.004860805325753413
SEC84,ID35,0.0008672555262807868
SEC81,ID35,0.003679533739106513
SEC170,ID35,6.269830736322953e-05
SEC18,ID35,0.0005751104142924109
SEC172,ID35,0.00025576234539491583
SEC173,ID35,0.000719441940636675
SEC179,ID35,0.003947185284967322
SEC82,ID35,0.001965545156107308
SEC178,ID35,0.00015296893982434423
SEC79,ID35,0.0029063049519525474
SEC21,ID35,0.01498363815743579
SEC165,ID35,0.00047043804880507256
SEC162,ID35,0.00016003537289427955
SEC74,ID35,0.02065506833872797
SEC88,ID35,0.00044968401180879325
SEC91,ID35,0.007269525480194407
SEC197,ID35,0.0014105173886672202
SEC196,ID35,0.0006545642055453404
SEC75,ID35,0.0026765745160744563
SEC87,ID35,0.00188656770994494
SEC76,ID35,9.174370180859912e-05
SEC195,ID35,0.0004221106506150069
SEC16,ID35,0.006110239330522324
SEC194,ID35,0.0018995090657984684
SEC106,ID35,0.0014420346489087993
SEC193,ID35,0.007737243777258915
SEC192,ID35,0.0002911020224398759
SEC77,ID35,0.006009720155454814
SEC100,ID35,0.0004937932045612321
SEC191,ID35,0.0025637752733623383
SEC86,ID35,0.006170655636663232
SEC190,ID35,0.0009483787270544719
SEC19,ID35,0.00011422516969609944
SEC78,ID35,0.0006657226993769354
SEC161,ID35,0.0002636403005794403
SEC189,ID35,0.00029324544583541544
SEC101,ID35,0.0013228582359249973
SEC188,ID35,0.00018747922210041998
SEC187,ID35,0.0005202558709489673
SEC20,ID35,0.0005891451103456459
SEC102,ID35,0.004352053745643056
SEC83,ID35,0.0006228733992403157
SEC122,ID35,0.00044381297438482947
SEC41,ID35,0.0019680781515616862
SEC133,ID35,0.0024507747690214183
SEC104,ID35,0.00037250263789109854
SEC58,ID35,0.037866168148294944
SEC128,ID35,0.027857695955847743
SEC108,ID35,0.0003113621007152738
SEC49,ID35,0.008064476017916341
SEC40,ID35,0.03096361592119108
SEC93,ID35,0.0013868024486093805
SEC4,ID35,0.002378615351936681
SEC5,ID35,0.04475319370124789
SEC105,ID35,0.000981935024029548
SEC136,ID35,0.00031738466716478325
SEC39,ID35,0.0038302380323148814
SEC60,ID35,0.0016729281024359505
SEC61,ID35,0.06497968951824926
SEC123,ID35,0.000673855534153147
SEC48,ID35,0.00048225368646198294
SEC11,ID35,0.0004669526221935463
SEC45,ID35,0.003934794096037314
SEC13,ID35,0.018821933130502122
SEC59,ID35,0.001586544901796015
SEC94,ID35,0.0025173848564595046
SEC131,ID35,0.00035392103497559137
SEC44,ID35,0.001519636677762368
SEC46,ID35,0.013963691624056147
SEC43,ID35,0.002649270539814973
SEC6,ID35,0.012323181408223867
SEC95,ID35,0.0009024270967657825
SEC47,ID35,0.0019402229722827826
SEC132,ID35,0.002729636872532856
SEC129,ID35,0.004769105658020614
SEC42,ID35,0.004458091685528132
SEC110,ID35,0.00022477401211088251
SEC57,ID35,0.0004127220676065807
SEC134,ID35,0.00048067079094897476
SEC96,ID35,0.004080558543012891
SEC97,ID35,0.004420956195262474
SEC36,ID35,0.004049166909399329
SEC53,ID35,0.011892387237861176
SEC124,ID35,0.004614762336983371
SEC52,ID35,0.014753170798347995
SEC1,ID35,0.002082578663743521
SEC103,ID35,0.00022981487769403605
SEC54,ID35,0.00901969401401442
SEC14,ID35,0.007745648846233159
SEC125,ID35,0.000981517736405353
SEC62,ID35,0.023572342437986175
SEC50,ID35,0.07647866725707762
SEC37,ID35,0.008370382555664021
SEC107,ID35,0.0005545343267671569
SEC35,ID35,0.0009147374702155001
SEC56,ID35,0.000122782285743839
SEC92,ID35,0.002133165528070057
SEC121,ID35,0.0007760016388094644
SEC55,ID35,0.0075560793006521345
SEC112,ID35,0.0009785747059980875
SEC137,ID35,0.004073740513935261
SEC38,ID35,0.003928957767826039
SEC127,ID35,0.011047986692040261
SEC181,ID36,0.004342410664671424
SEC5,ID36,0.03716135922225482
SEC13,ID36,0.011983750802448052
SEC124,ID36,0.006067906643278437
SEC127,ID36,0.015013509208048201
SEC53,ID36,0.017436002752444727
SEC12,ID36,0.014958705048313084
SEC52,ID36,0.024073250762197525
SEC119,ID36,0.005680894630568281
SEC54,ID36,0.014714230167621828
SEC58,ID36,0.04868647192833163
SEC180,ID36,0.02010831999658318
SEC182,ID36,0.0019352468517328393
SEC16,ID36,0.0068496549094041416
SEC193,ID36,0.009194028733927781
SEC50,ID36,0.11627580392261175
SEC79,ID36,0.004411610614954157
SEC55,ID36,0.012337571569439723
SEC128,ID36,0.02223621265705889
SEC86,ID36,0.006163638967368345
SEC8,ID36,0.01486852269977761
SEC49,ID36,0.012657345752974222
SEC77,ID36,0.00727366704087566
SEC91,ID36,0.011866744065096791
SEC45,ID36,0.003935766030752682
SEC37,ID36,0.0036245181783524467
SEC9,ID36,0.12084406854565241
SEC120,ID36,0.003546030375885493
SEC137,ID36,0.0066599288281497
SEC61,ID36,0.10032906714915085
SEC27,ID36,0.007519336605256279
SEC62,ID36,0.03267214699220427
SEC133,ID36,0.0035787263371031175
SEC148,ID36,0.008374979459480465
SEC26,ID36,0.014503287568990518
SEC40,ID36,0.03251018219885982
SEC113,ID36,0.013327953782978135
SEC15,ID36,0.041588155462852244
SEC102,ID36,0.004434398773166092
SEC24,ID36,0.02095304842008747
SEC30,ID36,0.028143866872861044
SEC21,ID36,0.012911315558721218
SEC33,ID36,0.009338708858868065
SEC63,ID36,0.015135178043192544
SEC132,ID36,0.003318343611304453
SEC117,ID36,0.04448553344948271
SEC6,ID36,0.009773570341014143
SEC14,ID36,0.012195028943650764
SEC63,ID37,0.015755954856295024
SEC21,ID37,0.028708934449521686
SEC91,ID37,0.03850801301992042
SEC50,ID37,0.12557557534880265
SEC127,ID37,0.0487280053026502
SEC5,ID37,0.014318545533726404
SEC180,ID37,0.04906102541352024
SEC58,ID37,0.10161808728954054
SEC52,ID37,0.04728596906276877
SEC55,ID37,0.03998484850512776
SEC128,ID37,0.07527185237370239
SEC30,ID37,0.022470522450109984
SEC124,ID37,0.019698280395072806
SEC9,ID37,0.37301438599924114
SEC97,ID4,0.003464222861376549
SEC83,ID4,0.00038415662510780105
SEC125,ID4,0.0010190750457263948
SEC91,ID4,0.0075771098895562345
SEC17,ID4,0.0035823173262853115
SEC85,ID4,0.00024921633132456893
SEC137,ID4,0.004230274725930114
SEC84,ID4,0.000779454593077263
SEC173,ID4,0.0007471797005805731
SEC14,ID4,0.008041622036519447
SEC124,ID4,0.00480130678032795
SEC1,ID4,0.0021636040891257046
SEC120,ID4,0.004779048595866117
SEC9,ID4,0.08653342043497687
SEC140,ID4,0.0005136953330889392
SEC92,ID4,0.0022190154420729845
SEC100,ID4,0.00035511482214912034
SEC159,ID4,0.00048580535866486914
SEC12,ID4,0.009526010770477766
SEC94,ID4,0.0025512622406693663
SEC131,ID4,0.00036919604714481905
SEC87,ID4,0.001668123693863665
SEC95,ID4,0.000626934778798053
SEC151,ID4,0.0007662637600787494
SEC129,ID4,0.004961268516228628
SEC150,ID4,0.00021922517179435088
SEC132,ID4,0.0028377110658949697
SEC122,ID4,0.00045881896922493956
SEC16,ID4,0.005704408739599111
SEC128,ID4,0.028954898599647307
SEC168,ID4,0.0006162048417337003
SEC89,ID4,0.0028051103873938665
SEC86,ID4,0.006426194363491902
SEC148,ID4,0.0053286786637310735
SEC93,ID4,0.0014418060799798534
SEC161,ID4,0.00027373832465012486
SEC123,ID4,0.00041218633749574743
SEC145,ID4,0.0019482565785177636
SEC133,ID4,0.0022997799465240207
SEC127,ID4,0.011412295850595753
SEC121,ID4,0.0008075683097903143
SEC165,ID4,0.00042237724680734413
SEC88,ID4,0.0004674587602130459
SEC96,ID4,0.004242274959167045
SEC142,ID4,0.0025889053326338136
SEC15,ID4,0.029084287069123936
SEC13,ID4,0.018980452009923265
SEC106,ID4,0.0014220020603363875
SEC82,ID4,0.0020416648108756053
SEC39,ID4,0.003980229121139767
SEC61,ID4,0.06761094837178774
SEC38,ID4,0.003803979431241598
SEC37,ID4,0.008382600977012626
SEC112,ID4,0.0010209810284745266
SEC62,ID4,0.02452221760633414
SEC36,ID4,0.004091953527306044
SEC35,ID4,0.0008589361468580283
SEC63,ID4,0.010307081639079403
SEC33,ID4,0.016499312918124426
SEC64,ID4,0.00039055710849367355
SEC174,ID4,0.0005127311680626558
SEC31,ID4,0.0022745425702119146
SEC30,ID4,0.02226181603342617
SEC66,ID4,0.01099976030281263
SEC113,ID4,0.009677643423695372
SEC3,ID4,0.001327453307718469
SEC68,ID4,0.0029716877331411816
SEC29,ID4,0.004511257885131268
SEC28,ID4,0.0034224651729497547
SEC27,ID4,0.014822707210626857
SEC7,ID4,0.002820576606775268
SEC114,ID4,0.00043373856253314184
SEC4,ID4,0.0022934061183566908
SEC40,ID4,0.03172907143263037
SEC104,ID4,0.00029984186094255837
SEC60,ID4,0.0014642990457605694
SEC53,ID4,0.012269597682539081
SEC52,ID4,0.015329851821825412
SEC54,ID4,0.00938510132320872
SEC50,ID4,0.07894397025621382
SEC107,ID4,0.0005767753116376164
SEC55,ID4,0.00785172568246122
SEC105,ID4,0.0009701880286955909
SEC5,ID4,0.044689908935590626
SEC57,ID4,0.00042941476299192835
SEC49,ID4,0.00806036927098331
SEC108,ID4,0.00020722224611110176
SEC26,ID4,0.010036528747667469
SEC58,ID4,0.039375250378323845
SEC47,ID4,0.0018514310932937984
SEC46,ID4,0.013661977717735375
SEC59,ID4,0.0015927874304332652
SEC45,ID4,0.0037043441090407287
SEC11,ID4,0.00048574639409051674
SEC44,ID4,0.0015788085183976303
SEC43,ID4,0.0024044835296728817
SEC6,ID4,0.011732722540613841
SEC42,ID4,0.004455788644588163
SEC110,ID4,0.00015494166974176795
SEC41,ID4,0.001447400175693646
SEC48,ID4,0.0002073353288564352
SEC25,ID4,0.003181781473249857
SEC102,ID4,0.004164637461869111
SEC194,ID4,0.0009437603218665348
SEC117,ID4,0.028697313337434173
SEC20,ID4,0.0006134313527820818
SEC74,ID4,0.019743573954394168
SEC101,ID4,0.0012880582409352487
SEC81,ID4,0.002533842920729277
SEC78,ID4,0.0005574001986925223
SEC190,ID4,0.0009857080970033416
SEC179,ID4,0.004113443287588873
SEC191,ID4,0.001889308697332497
SEC197,ID4,0.0014034066798448309
SEC196,ID4,0.00029320013436664116
SEC72,ID4,0.001982084743294998
SEC75,ID4,0.0027052421685865363
SEC195,ID4,0.00043856773424814314
SEC8,ID4,0.019585299574600642
SEC77,ID4,0.006154352598027799
SEC180,ID4,0.01583587960629148
SEC193,ID4,0.0073231343901209184
SEC119,ID4,0.005065670545389933
SEC21,ID4,0.015486299376792537
SEC186,ID4,0.001965252107407484
SEC181,ID4,0.0027648515838320036
SEC182,ID4,0.001668864385845599
SEC183,ID4,0.0028953442255434192
SEC24,ID4,0.019189505658019506
SEC187,ID4,0.0002501379556990365
SEC23,ID4,0.0014244045301854598
SEC73,ID4,0.0024325894382916124
SEC184,ID4,0.0009072892517840791
SEC80,ID4,0.001020973220380206
SEC79,ID4,0.0030230351076168827
SEC22,ID4,0.002686336618279208
SEC18,ID4,0.0005989669926754083
SEC185,ID4,0.0037167280158778987
SEC13,ID5,0.12598707810791027
SEC77,ID5,0.03506558517479066
SEC46,ID5,0.08902412519956811
SEC5,ID5,0.05506972064793694
SEC125,ID5,0.007714025961747204
SEC58,ID5,0.09325408168941052
SEC4,ID5,0.005128162814281405
SEC16,ID5,0.0330191961747758
SEC148,ID5,0.04039162427632073
SEC8,ID5,0.061229739903598736
SEC73,ID5,0.013659399476889267
SEC113,ID5,0.008629370679659276
SEC89,ID5,0.008482571207782702
SEC22,ID5,0.004059834289835607
SEC66,ID5,0.0740594703231921
SEC39,ID5,0.006678592227247726
SEC9,ID5,0.0121106211222856
SEC97,ID5,0.018787219849436196
SEC52,ID5,0.07182224343657827
SEC142,ID5,0.01196172419478536
SEC21,ID5,0.012087318777591937
SEC74,ID5,0.037201759136235406
SEC35,ID5,0.006515518619608889
SEC102,ID5,0.01022039982159764
SEC72,ID5,0.012170415933481248
SEC120,ID5,0.01230882150617583
SEC36,ID5,0.016799363925892936
SEC38,ID5,0.012497105348171843
SEC96,ID5,0.0073893667373395745
SEC33,ID5,0.08125994986881302
SEC24,ID5,0.015415593567059165
SEC25,ID6,0.027805444797077333
SEC39,ID6,0.06443006634491509
SEC185,ID6,0.01652741644565259
SEC52,ID6,0.26742547082158435
SEC117,ID6,0.4942545591598109
SEC27,ID6,0.10204708924258438
SEC44,ID6,0.02750995318837545
SEC47,ID7,0.011941256696768097
SEC58,ID7,0.26165904664304507
SEC50,ID7,0.7263996966601868
SEC179,ID8,0.024194490480585848
SEC124,ID8,0.02282835156875001
SEC180,ID8,0.07559003040433879
SEC86,ID8,0.023179441279919614
SEC127,ID8,0.056470921013544756
SEC21,ID8,0.06648094376143723
SEC30,ID8,0.11880037177446788
SEC31,ID8,0.00446052950186429
SEC91,ID8,0.044626964476179955
SEC61,ID8,0.3892626529949125
SEC6,ID8,0.042107770446248846
SEC193,ID8,0.034575751482563574
SEC13,ID8,0.08259577794546087
SEC45,ID8,0.014826002869725914
SEC180,ID9,0.20189983142794551
SEC91,ID9,0.15847123601302662
SEC55,ID9,0.16454882678894223
SEC46,ID9,0.0973352186200417
SEC127,ID9,0.2389770376185106
SEC24,ID9,0.01422661614040499
SEC13,ID9,0.10497448653436871
SEC92,ID9,0.019566746856759555
