SECTOR_ID,ID1,ID10,ID11,ID12,ID13,ID14,ID15,ID16,ID17,ID18,ID19,ID2,ID20,ID21,ID22,ID23,ID24,ID25,ID26,ID27,ID28,ID29,ID3,ID30,ID31,ID32,ID33,ID34,ID35,ID36,ID37,ID4,ID5,ID6,ID7,ID8,ID9
SEC1,0.0,0.0,0.0,0.0,0.0,0.0,0.0015917486045654264,0.0,0.0,0.0,0.0,0.0006684755615140332,0.0,0.0038261410395846293,0.00708634902179061,0.0,0.007000845640725414,0.010537282088070723,0.0,0.0,0.0,0.0,0.0,0.0,0.0,0.0,0.006830840648286836,0.0,0.002082578663743521,0.0,0.0,0.0021636040891257046,0.0,0.0,0.0,0.0,0.0
SEC100,0.0,0.0,0.0,0.0,0.0,0.0,0.0,0.19828734979909418,0.0,0.003966261273811145,0.0,0.0,0.0,0.0,0.0,0.0,0.0011478329386263857,0.0,0.0,0.0,0.0,0.0,0.0,0.0,0.0,0.005998904548260605,0.003240760429354424,0.013316699815047323,0.0004937932045612321,0.0,0.0,0.00035511482214912034,0.0,0.0,0.0,0.0,0.0
SEC101,0.0,0.0,0.0,0.0,0.0,0.0,0.0012111381951451028,0.531108988381662,0.0,0.002188380983037443,0.0,0.001288195174775437,0.0,0.007366837807752229,0.005389413890799414,0.0,0.004161024932200989,0.0,0.0,0.0,0.0,0.0,0.0,0.0,0.0,0.0,0.00191552827785388,0.0,0.0013228582359249973,0.0,0.0,0.0012880582409352487,0.0,0.0,0.0,0.0,0.0
SEC102,0.004074653830156291,0.0,0.0,0.0,0.0,0.0,0.004689941929739069,0.0,0.0,0.008769318924593305,0.06182066353173515,0.004971142071469785,0.0,0.009217453019399167,0.006753169357854534,0.017223793344802514,0.004359109546421314,0.0,0.014083246822750283,0.0,0.0,0.0,0.0,0.0,0.0,0.0,0.0,0.0,0.004352053745643056,0.004434398773166092,0.0,0.004164637461869111,0.01022039982159764,0.0,0.0,0.0,0.0
SEC103,0.0,0.0,0.0,0.0,0.0,0.0,0.0,0.0,0.0,0.0060171412669557806,0.0,0.0,0.0,0.0,0.0,0.0,0.0,0.0,0.0,0.0,0.0,0.0,0.0,0.0,0.0,0.0,0.0,0.0,0.00022981487769403605,0.0,0.0,0.0,0.0,0.0,0.0,0.0,0.0
SEC104,0.0,0.0,0.0,0.0,0.0,0.0,0.0,0.0,0.0,0.002174473272346263,0.0,0.0,0.0,0.0,0.0,0.0,0.0009716407319106395,0.0,0.0,0.0,0.0,0.0,0.0,0.0,0.0,0.0,0.0027374100406749612,0.0,0.00037250263789109854,0.0,0.0,0.00029984186094255837,0.0,0.0,0.0,0.0,0.0
SEC105,0.0,0.0,0.0,0.019443987015082882,0.0,0.0,0.0005955636133802406,0.0,0.0,0.0012887090365749317,0.0,0.0006340380438300292,0.0,0.003626091237980228,0.0026538434954588882,0.0,0.0031364424941444976,0.0,0.0,0.0,0.0,0.0,0.0,0.0,0.0,0.0,0.004014223161079145,0.0,0.000981935024029548,0.0,0.0,0.0009701880286955909,0.0,0.0,0.0,0.0,0.0
SEC106,0.0,0.0,0.0,0.0,0.0,0.0,0.0015981369052171603,0.0,0.0,0.0019206034366264283,0.0,0.001698096119870833,0.0,0.009705933157498072,0.0071110544583901595,0.01813657054409488,0.004586597413605877,0.0,0.0,0.0,0.0,0.0,0.0,0.0,0.0,0.0,0.0,0.0,0.0014420346489087993,0.0,0.0,0.0014220020603363875,0.0,0.0,0.0,0.0,0.0
SEC107,0.0,0.0,0.0,0.0,0.0,0.0,0.0,0.0,0.0,0.0,0.0,0.0,0.0,0.0,0.0,0.0,0.0018645264519496752,0.0,0.0,0.0,0.0,0.0,0.0,0.0,0.0,0.0,0.005267541088647732,0.0,0.0005545343267671569,0.0,0.0,0.0005767753116376164,0.0,0.0,0.0,0.0,0.0
SEC108,0.0,0.0,0.0,0.0,0.0,0.0,0.0,0.0,0.0,0.0029343646090215464,0.0,0.0,0.0,0.0,0.0,0.0,0.0006693013326028723,0.0,0.0,0.0,0.0,0.0,0.0,0.0,0.0,0.0,0.0018925076608651984,0.0,0.0003113621007152738,0.0,0.0,0.00020722224611110176,0.0,0.0,0.0,0.0,0.0
SEC11,0.0,0.0,0.0,0.0,0.0,0.0,0.0,0.0,0.0,0.0,0.0,0.0,0.0,0.0,0.0,0.0,0.0015688034595246817,0.0,0.0,0.0,0.0,0.0,0.0,0.0,0.0,0.0,0.004429317195885742,0.0,0.0004669526221935463,0.0,0.0,0.00048574639409051674,0.0,0.0,0.0,0.0,0.0
SEC110,0.0,0.0,0.0,0.0,0.0,0.0,0.0,0.0,0.0,0.001958978165590953,0.0,0.0,0.0,0.0,0.0,0.0,0.000500772382983549,0.0,0.0,0.0,0.0,0.0,0.0,0.0,0.0,0.0,0.0014150425568513895,0.0,0.00022477401211088251,0.0,0.0,0.00015494166974176795,0.0,0.0,0.0,0.0,0.0
SEC112,0.0,0.0,0.0,0.0,0.0,0.0,0.0011441092855652088,0.0,0.0,0.0,0.0,0.0012175108724550169,0.0,0.006977127797576389,0.005111794499984259,0.013037506898360758,0.0032905306589114747,0.012543695674915213,0.0,0.0,0.0,0.0,0.0,0.0,0.0,0.0,0.0,0.0,0.0009785747059980875,0.0,0.0,0.0010209810284745266,0.0,0.0,0.0,0.0,0.0
SEC113,0.012362368358071956,0.0,0.0,0.0,0.0,0.0,0.010862558257541984,0.0,0.0,0.008845628693225213,0.0,0.011563249642710391,0.0,0.007791856243622346,0.0057087055083973656,0.0,0.003688419090614806,0.0,0.0,0.0,0.0,0.0,0.017428982063637626,0.0,0.0,0.0,0.0,0.0,0.009633810071674095,0.013327953782978135,0.0,0.009677643423695372,0.008629370679659276,0.0,0.0,0.0,0.0
SEC114,0.0,0.0,0.0,0.0,0.0,0.0,0.0,0.0,0.0,0.0017104184236904647,0.0,0.0,0.0,0.0,0.0,0.0,0.0014054094756787998,0.0,0.0,0.0,0.0,0.0,0.0,0.0,0.0,0.007357980973212046,0.00396799504749367,0.0,0.00048348223717679185,0.0,0.0,0.00043373856253314184,0.0,0.0,0.0,0.0,0.0
SEC116,0.0,0.0,0.0,0.0,0.0,0.0,0.0,0.0,0.0,0.0021505000589758633,0.0,0.0,0.0,0.0,0.0,0.0,0.0,0.0,0.0,0.0,0.0,0.0,0.0,0.0,0.0,0.0,0.0,0.0,8.234683003296355e-05,0.0,0.0,0.0,0.0,0.0,0.0,0.0,0.0
SEC117,0.040968926781006366,0.0,0.0,0.0,0.0,0.0,0.03180737768159908,0.0,0.0,0.0,0.0,0.03380551313526762,0.0,0.0,0.0,0.0,0.00123259645268099,0.13383007756019089,0.0,0.0,0.0,0.0,0.05775970019259371,0.0,0.0,0.006437484585772168,0.0034802810723402722,0.0,0.0276148923209127,0.04448553344948271,0.0,0.028697313337434173,0.0,0.4942545591598109,0.0,0.0,0.0
SEC119,0.0052409977008157005,0.0,0.0,0.0,0.01840263115794612,0.0,0.005178130729252866,0.0,0.0,0.0,0.0,0.005517163653248218,0.0,0.006820901214752247,0.004997335053346462,0.012745580878031218,0.004670166020428263,0.0,0.01811448709379641,0.0,0.03530840947999505,0.0,0.0,0.0,0.0,0.0075561645522354655,0.00408021379322241,0.01676612123913837,0.004860805325753413,0.005680894630568281,0.0,0.005065670545389933,0.0,0.0,0.0,0.0,0.0
SEC12,0.01379594246850494,0.0,0.0,0.0,0.0,0.0,0.010694858635016352,0.0,0.20638949954299846,0.0,0.0,0.01138372300610663,0.0,0.0,0.0,0.0,0.0,0.0,0.0,0.0,0.0,0.0,0.019450094583013205,0.0,0.0,0.0,0.0,0.0,0.009165727586900325,0.014958705048313084,0.0,0.009526010770477766,0.0,0.0,0.0,0.0,0.0
SEC120,0.0032790334506868947,0.0,0.0,0.0,0.0,0.0,0.005368452419705038,0.0,0.0,0.0,0.0,0.00270569470810665,0.0,0.0,0.012585921014389913,0.0,0.008131817497707663,0.0,0.011333340045798886,0.0,0.0,0.0,0.0,0.0,0.0,0.0,0.0,0.0,0.004596117532217892,0.003546030375885493,0.0,0.004779048595866117,0.01230882150617583,0.0,0.0,0.0,0.0
SEC121,0.0,0.0,0.0,0.0,0.0,0.0,0.0,0.0,0.0,0.0,0.0,0.0,0.0,0.0,0.0,0.0,0.0026091722594552237,0.0,0.0,0.0,0.0,0.0,0.0,0.0,0.0,0.0,0.007367059717514014,0.0,0.0007760016388094644,0.0,0.0,0.0008075683097903143,0.0,0.0,0.0,0.0,0.0
SEC122,0.0,0.0,0.0,0.0,0.0,0.0,0.0,0.0,0.0,0.0,0.0,0.0,0.0,0.0,0.0,0.0,0.0014881689944408858,0.0,0.0,0.0,0.0,0.0,0.0,0.0,0.0,0.0,0.004208432875924591,0.0,0.00044381297438482947,0.0,0.0,0.00045881896922493956,0.0,0.0,0.0,0.0,0.0
SEC123,0.0,0.0,0.0,0.0,0.0,0.0,0.0,0.0,0.0,0.007221869647776335,0.0,0.0,0.0,0.0,0.0,0.0,0.0013358453209657995,0.0,0.0,0.0,0.0,0.0,0.0,0.0,0.0,0.006963005598498489,0.0037679035428771347,0.015482798406836699,0.000673855534153147,0.0,0.0,0.00041218633749574743,0.0,0.0,0.0,0.0,0.0
SEC124,0.005607679367134889,0.0,0.0,0.0,0.0,0.0,0.004342319641327074,0.0,0.10383250011750318,0.0,0.0,0.004627177068058679,0.0,0.0,0.0,0.0,0.0029991901542361344,0.0,0.0,0.0,0.0,0.0,0.00790594004947348,0.0,0.0,0.015662970441869557,0.008465574938126559,0.034786132042249195,0.004614762336983371,0.006067906643278437,0.019698280395072806,0.00480130678032795,0.0,0.0,0.0,0.02282835156875001,0.0
SEC125,0.0,0.0,0.0,0.0,0.0,0.0,0.0,0.0,0.022066040693169288,0.0,0.0,0.0,0.0,0.0,0.0,0.0,0.0032921836719776196,0.0,0.0,0.0,0.0,0.0,0.0,0.0,0.0,0.01721948907106231,0.009295062209209335,0.0,0.000981517736405353,0.0,0.0,0.0010190750457263948,0.007714025961747204,0.0,0.0,0.0,0.0
SEC127,0.013865661705750496,0.08446372524374963,0.0,0.0,0.04870277108329368,0.0,0.012808712806488714,0.0,0.0,0.0019183644034363597,0.0,0.013631209277147553,0.0,0.012534437766023119,0.00918335909727909,0.0,0.005926796481841256,0.0,0.0,0.0,0.11119898963517376,0.0,0.019548387668953317,0.0,0.0,0.0,0.0,0.0,0.011047986692040261,0.015013509208048201,0.0487280053026502,0.011412295850595753,0.0,0.0,0.0,0.056470921013544756,0.2389770376185106
SEC128,0.04193214819111077,0.0,0.46319284637069635,0.0,0.0,0.0,0.03250247373549964,0.0,0.0,0.0,0.0,0.03460031535709569,0.0,0.0,0.0,0.0,0.0,0.17450336386094314,0.0,0.0,0.0,0.0,0.059117689874971985,0.0,0.0,0.0,0.0,0.0,0.027857695955847743,0.02223621265705889,0.07527185237370239,0.028954898599647307,0.0,0.0,0.0,0.0,0.0
SEC129,0.0,0.0,0.0,0.0,0.0,0.0,0.0055694072625086365,0.0,0.10741545966941572,0.0,0.0,0.0,0.0,0.0,0.024818437551948746,0.0,0.016035298848606726,0.0,0.0,0.0,0.0,0.0,0.0,0.0,0.0,0.0,0.0,0.0,0.004769105658020614,0.0,0.0,0.004961268516228628,0.0,0.0,0.0,0.0,0.0
SEC13,0.020223609346818147,0.067512258985971,0.0,0.0,0.0,0.0,0.020302086624142034,0.0,0.0,0.007498846847173734,0.0,0.021585061427098203,0.0,0.028025847173248207,0.020533144238432027,0.0,0.016182639967945132,0.0,0.0698989641697231,0.0,0.02582986849478418,0.0,0.0,0.0,0.0,0.015357187456586364,0.008285469715809107,0.0,0.018821933130502122,0.011983750802448052,0.0,0.018980452009923265,0.12598707810791027,0.0,0.0,0.08259577794546087,0.10497448653436871
SEC131,0.0,0.0,0.0,0.0,0.0,0.0,0.0,0.0,0.0,0.0,0.0,0.0,0.0,0.0,0.0,0.0,0.001186045584195502,0.0,0.0,0.0,0.0,0.0,0.0,0.0,0.0,0.006227188853099943,0.0033634001721775924,0.0,0.00035392103497559137,0.0,0.0,0.00036919604714481905,0.0,0.0,0.0,0.0,0.0
SEC132,0.0030613897391298076,0.0,0.0,0.0,0.0,0.0,0.0023752330398778897,0.0,0.0,0.0,0.0,0.0025261059825054085,0.0,0.0,0.0,0.0,0.0023398504462120657,0.0,0.010581096975088666,0.0,0.0,0.0,0.0,0.0,0.0,0.007889628561591743,0.006601109054246933,0.017514441625589003,0.002729636872532856,0.003318343611304453,0.0,0.0028377110658949697,0.0,0.0,0.0,0.0,0.0
SEC133,0.00332921297742065,0.0,0.0,0.0,0.011614757809410075,0.0,0.002577220585859906,0.0,0.0,0.0064477053200707075,0.0,0.002747100348512781,0.0,0.0,0.0,0.0,0.0,0.0,0.011506775800073296,0.0,0.02224282320734393,0.0,0.0,0.0,0.0,0.0,0.0,0.0,0.0024507747690214183,0.0035787263371031175,0.0,0.0022997799465240207,0.0,0.0,0.0,0.0,0.0
SEC134,0.0,0.0,0.0,0.0,0.0,0.0,0.0,0.0,0.0,0.012549375163289613,0.0,0.0,0.0,0.0,0.0,0.0,0.0,0.0,0.0,0.0,0.0,0.0,0.0,0.0,0.0,0.0,0.0,0.0,0.00048067079094897476,0.0,0.0,0.0,0.0,0.0,0.0,0.0,0.0
SEC136,0.0,0.0,0.0,0.0,0.0,0.0,0.0,0.0,0.0,0.008288549118195335,0.0,0.0,0.0,0.0,0.0,0.0,0.0,0.0,0.0,0.0,0.0,0.0,0.0,0.0,0.0,0.0,0.0,0.0,0.00031738466716478325,0.0,0.0,0.0,0.0,0.0,0.0,0.0,0.0
SEC137,0.006125561619889613,0.0,0.0,0.0,0.021595227088389374,0.0,0.004753850647964134,0.0,0.0,0.0,0.0,0.0050545076493942465,0.0,0.0,0.0,0.0,0.0,0.0,0.021171809880488054,0.0,0.0,0.0,0.0,0.0,0.0,0.0,0.0,0.0,0.004073740513935261,0.0066599288281497,0.0,0.004230274725930114,0.0,0.0,0.0,0.0,0.0
SEC14,0.011249872729496398,0.0,0.0,0.0,0.039552815924976066,0.0,0.008729718258596444,0.0,0.0,0.0,0.0,0.009282833361976038,0.0,0.0,0.0,0.0,0.0008949167139643521,0.0,0.0,0.0,0.0,0.0,0.015860539367650636,0.0,0.0,0.0,0.002526683610991555,0.0,0.007745648846233159,0.012195028943650764,0.0,0.008041622036519447,0.0,0.0,0.0,0.0,0.0
SEC140,0.0,0.0,0.0,0.0,0.0,0.0,0.0005779689405402021,0.0,0.0,0.0,0.0,0.0,0.0,0.0,0.0025755498532714356,0.0,0.0016640737963558795,0.0,0.0,0.0,0.0,0.0,0.0,0.0,0.0,0.0,0.0,0.0,0.0004938240284142919,0.0,0.0,0.0005136953330889392,0.0,0.0,0.0,0.0,0.0
SEC141,0.0,0.0,0.0,0.0,0.0,0.0,0.0,0.0,0.0,0.0038669523727132794,0.0,0.0,0.0,0.0,0.0,0.0,0.0,0.0,0.0,0.0,0.0,0.0,0.0,0.0,0.0,0.0,0.0,0.0,0.0001480731276673541,0.0,0.0,0.0,0.0,0.0,0.0,0.0,0.0
SEC142,0.0,0.0,0.0,0.0,0.0,0.0,0.002495261341341412,0.0,0.0,0.0,0.0,0.0026488961436004115,0.0,0.015182280837753638,0.011122444710680602,0.0,0.008396656666982725,0.0,0.0,0.0,0.0,0.0,0.0,0.0,0.0,0.0,0.0034358111024363727,0.0,0.0025001538045511685,0.0,0.0,0.0025889053326338136,0.01196172419478536,0.0,0.0,0.0,0.0
SEC144,0.0,0.0,0.0,0.0,0.0,0.0,0.0,0.0,0.0,0.002212922410268766,0.0,0.0,0.0,0.0,0.0,0.0,0.0,0.0,0.0,0.0,0.0,0.0,0.0,0.0,0.0,0.0,0.0,0.0,8.47371032769562e-05,0.0,0.0,0.0,0.0,0.0,0.0,0.0,0.0
SEC145,0.0,0.0,0.0,0.0,0.0,0.0,0.002191985396446952,0.0,0.0,0.0,0.0,0.0,0.0,0.0,0.009753860845878886,0.0,0.006302011287536144,0.02408252468596304,0.0,0.0,0.0,0.0,0.0,0.0,0.0,0.0,0.0,0.0,0.0018806285492154746,0.0,0.0,0.0019482565785177636,0.0,0.0,0.0,0.0,0.0
SEC148,0.007720895277207289,0.0,0.08536916717570976,0.0,0.0,0.0,0.005983906912670301,0.0,0.0,0.0,0.0,0.006370897341412986,0.0,0.0,0.0,0.0,0.0,0.0,0.026685769739940454,0.0,0.0,0.0,0.0,0.0,0.0,0.0,0.0,0.0,0.005127577485218107,0.008374979459480465,0.0,0.0053286786637310735,0.04039162427632073,0.0,0.0,0.0,0.0
SEC15,0.03836930120549448,0.0,0.0,0.0,0.0,0.0,0.0326677192511458,0.0,0.0,0.0,0.0,0.0347471954058028,0.0,0.017643766218974375,0.012926709920447577,0.032969257618134434,0.008350870469451965,0.0,0.09616899449887395,0.0,0.16569839529682015,0.0,0.01486689452065749,0.0,0.0,0.0,0.0,0.0,0.027973684819791605,0.041588155462852244,0.0,0.029084287069123936,0.0,0.0,0.0,0.0,0.0
SEC150,0.0,0.0,0.0,0.0,0.0,0.0,0.0,0.0,0.0,0.0,0.0,0.0,0.0,0.0,0.0,0.0,0.0007091260578271174,0.0,0.0,0.0,0.0,0.0,0.0,0.0,0.0,0.0,0.0020021273046758616,0.0,0.00021090327823400715,0.0,0.0,0.00021922517179435088,0.0,0.0,0.0,0.0,0.0
SEC151,0.0,0.0,0.0,0.0,0.0,0.0,0.0,0.0,0.0,0.0,0.0,0.0,0.0,0.0,0.0,0.0,0.0024808486286902326,0.0,0.0,0.0,0.0,0.0,0.0,0.0,0.0,0.007808432103860438,0.00700436082336057,0.0,0.0007373702850864963,0.0,0.0,0.0007662637600787494,0.0,0.0,0.0,0.0,0.0
SEC153,0.0,0.0,0.0,0.0,0.0,0.0,0.0,0.0,0.0,0.00425046967103387,0.0,0.0,0.0,0.0,0.0,0.0,0.0,0.0,0.0,0.0,0.0,0.0,0.0,0.0,0.0,0.0,0.0,0.0,0.00016275875097049745,0.0,0.0,0.0,0.0,0.0,0.0,0.0,0.0
SEC155,0.0,0.0,0.0,0.0,0.0,0.0,0.0,0.0,0.0,0.002247887856067749,0.0,0.0,0.0,0.0,0.0,0.0,0.0,0.0,0.0,0.0,0.0,0.0,0.0,0.0,0.0,0.0,0.0,0.0,8.607599820523946e-05,0.0,0.0,0.0,0.0,0.0,0.0,0.0,0.0
SEC156,0.0,0.0,0.0,0.0,0.0,0.0,0.0,0.0496413941672831,0.0,0.003228503219908985,0.0,0.0,0.0,0.0,0.0,0.0,0.0,0.0,0.0,0.0,0.0,0.0,0.0,0.0,0.0,0.0,0.0,0.0,0.0001236256678073891,0.0,0.0,0.0,0.0,0.0,0.0,0.0,0.0
SEC157,0.0,0.0,0.0,0.0,0.0,0.0,0.0,0.0,0.0,0.006731189921065827,0.0,0.0,0.0,0.0,0.0,0.0,0.0,0.0,0.0,0.0,0.0,0.0,0.0,0.0,0.0,0.0,0.0,0.0,0.0002577503544052803,0.0,0.0,0.0,0.0,0.0,0.0,0.0,0.0
SEC158,0.0,0.0,0.0,0.0,0.0,0.0,0.0,0.0,0.0,0.004354784265668444,0.0,0.0,0.0,0.0,0.0,0.0,0.0,0.0,0.0,0.0,0.0,0.0,0.0,0.0,0.0,0.0,0.0,0.0,0.00016612191826568604,0.0,0.0,0.0,0.0,0.0,0.0,0.0,0.0
SEC159,0.0,0.0,0.0,0.0,0.0,0.0,0.0,0.0,0.0,0.0,0.0,0.0,0.0,0.0,0.0,0.0,0.0015714310361424687,0.0,0.0,0.0,0.0,0.0,0.0,0.0,0.0,0.0,0.0044367358245393255,0.0,0.00046740073367080106,0.0,0.0,0.00048580535866486914,0.0,0.0,0.0,0.0,0.0
SEC16,0.0063103171112477005,0.0,0.0,0.0,0.0,0.0,0.006413499637755917,0.0,0.0,0.015948673999561243,0.0,0.0060735222488450865,0.0,0.004955914989969047,0.006758345529643178,0.0,0.004367595826356254,0.0,0.021810381227923146,0.0,0.0,0.0,0.0,0.0,0.0,0.0,0.0,0.0,0.006110239330522324,0.0068496549094041416,0.0,0.005704408739599111,0.0330191961747758,0.0,0.0,0.0,0.0
SEC161,0.0,0.0,0.0,0.0,0.0,0.0,0.0,0.0,0.0,0.0,0.0,0.0,0.0,0.0,0.0,0.0,0.0008857876923840924,0.0,0.0,0.0,0.0,0.0,0.0,0.0,0.0,0.0,0.002500908978725441,0.0,0.0002636403005794403,0.0,0.0,0.00027373832465012486,0.0,0.0,0.0,0.0,0.0
SEC162,0.0,0.0,0.0,0.0,0.0,0.0,0.0,0.0,0.0,0.004179348236108255,0.0,0.0,0.0,0.0,0.0,0.0,0.0,0.0,0.0,0.0,0.0,0.0,0.0,0.0,0.0,0.0,0.0,0.0,0.00016003537289427955,0.0,0.0,0.0,0.0,0.0,0.0,0.0,0.0
SEC165,0.0,0.0,0.0,0.0,0.0,0.0,0.0,0.0,0.0,0.0016481922414685953,0.0,0.0,0.0,0.0,0.0,0.0,0.0013695622587122389,0.0,0.0,0.0,0.0,0.0,0.0,0.0,0.0,0.0,0.003866784986048023,0.0,0.00047043804880507256,0.0,0.0,0.00042237724680734413,0.0,0.0,0.0,0.0,0.0
SEC167,0.0,0.0,0.0,0.0,0.0,0.0,0.002453046347148755,0.0,0.0,0.0,0.0,0.0,0.0,0.0,0.01093335807687231,0.0,0.007062750022036545,0.0,0.0,0.0,0.0,0.0,0.0,0.0,0.0,0.0,0.0,0.0,0.0021005417174060313,0.0,0.0,0.0,0.0,0.0,0.0,0.0,0.0
SEC168,0.0,0.0,0.0,0.0,0.0,0.0,0.0,0.0,0.0,0.0,0.0,0.0,0.0,0.0,0.0,0.0,0.001992255241869473,0.0,0.0,0.0,0.0,0.0,0.0,0.0,0.0,0.0,0.005618564925178629,0.0,0.0005917744627188329,0.0,0.0,0.0006162048417337003,0.0,0.0,0.0,0.0,0.0
SEC169,0.0,0.0,0.0,0.0,0.0,0.0,0.0,0.0,0.0,0.005859116933562466,0.0,0.0,0.0,0.0,0.0,0.0,0.0,0.0,0.0,0.0,0.0,0.0,0.0,0.0,0.0,0.0,0.0,0.0,0.0002247556214086368,0.0,0.0,0.0,0.0,0.0,0.0,0.0,0.0
SEC17,0.0,0.0,0.0,0.0,0.0,0.0,0.0025343876032098652,0.0,0.0,0.0,0.10324565477413733,0.0026994562115310503,0.05581886783221235,0.015435362272009378,0.01130872219292443,0.02884261947587128,0.011577054677169553,0.0,0.0,0.0,0.0,0.0,0.0,0.0,0.0,0.01685244942586845,0.012083153507815692,0.037437844197090696,0.0034424472813541105,0.0,0.0,0.0035823173262853115,0.0,0.0,0.0,0.0,0.0
SEC170,0.0,0.0,0.0,0.0,0.0,0.0,0.0,0.0,0.0,0.0016373758847588692,0.0,0.0,0.0,0.0,0.0,0.0,0.0,0.0,0.0,0.0,0.0,0.0,0.0,0.0,0.0,0.0,0.0,0.0,6.269830736322953e-05,0.0,0.0,0.0,0.0,0.0,0.0,0.0,0.0
SEC172,0.0,0.0,0.0,0.0,0.0,0.0,0.0,0.0,0.0,0.006679272761749287,0.0,0.0,0.0,0.0,0.0,0.0,0.0,0.0,0.0,0.0,0.0,0.0,0.0,0.0,0.0,0.0,0.0,0.0,0.00025576234539491583,0.0,0.0,0.0,0.0,0.0,0.0,0.0,0.0
SEC173,0.0,0.0,0.0,0.018597799582066837,0.0,0.0,0.0008405365973145601,0.0,0.0,0.0,0.0,0.000892761287797033,0.0,0.00510574075923525,0.0037407222984320657,0.0,0.0024168967059046507,0.0,0.0,0.0,0.0,0.0,0.0,0.0,0.0,0.0,0.0,0.0,0.000719441940636675,0.0,0.0,0.0007471797005805731,0.0,0.0,0.0,0.0,0.0
SEC174,0.0,0.0,0.0,0.0,0.0,0.0,0.0,0.0,0.0,0.0,0.0,0.0,0.0,0.0,0.0,0.0,0.0016594195804309694,0.0,0.0,0.0,0.0,0.0,0.0,0.0,0.0,0.008666152695333062,0.004685160297274803,0.019251923930895132,0.0004926485776144177,0.0,0.0,0.0005127311680626558,0.0,0.0,0.0,0.0,0.0
SEC178,0.0,0.0,0.0,0.0,0.0,0.0,0.0,0.0,0.0,0.003994807255871835,0.0,0.0,0.0,0.0,0.0,0.0,0.0,0.0,0.0,0.0,0.0,0.0,0.0,0.0,0.0,0.0,0.0,0.0,0.00015296893982434423,0.0,0.0,0.0,0.0,0.0,0.0,0.0,0.0
SEC179,0.005957835439666145,0.0,0.0,0.0,0.0,0.0,0.00461068513694758,0.0,0.0887655213754263,0.0,0.0,0.004916108378674239,0.0,0.0,0.0,0.0,0.0,0.05044549579595608,0.020592097028014015,0.0,0.0,0.0,0.0,0.0,0.0,0.0,0.0,0.0,0.003947185284967322,0.0,0.0,0.004113443287588873,0.0,0.0,0.0,0.024194490480585848,0.0
SEC18,0.0,0.0,0.0,0.0,0.0,0.0,0.0,0.0,0.0,0.0,0.0,0.0,0.0,0.0,0.0,0.0,0.0019344494272017967,0.0,0.0,0.0,0.0,0.0,0.0,0.0,0.0,0.00596717097859943,0.005464315480220287,0.0,0.0005751104142924109,0.0,0.0,0.0005989669926754083,0.0,0.0,0.0,0.0,0.0
SEC180,0.01855470683531901,0.11306023427008353,0.0,0.0,0.04903561873681655,0.0,0.017786783762857413,0.0,0.0,0.02629969061499362,0.0,0.018911726024635624,0.0,0.020597646924051787,0.01509087138916389,0.0,0.009740382975954608,0.0,0.01591538339228903,0.0,0.09401861765066781,0.0,0.019667245762679603,0.0,0.0,0.0,0.0,0.0,0.016263246642158367,0.02010831999658318,0.04906102541352024,0.01583587960629148,0.0,0.0,0.0,0.07559003040433879,0.20189983142794551
SEC181,0.00401001777152227,0.0,0.0,0.0,0.0,0.0,0.0031047555579658552,0.0,0.0,0.0021725859905939093,0.0,0.0033088664775739276,0.0,0.0,0.0,0.0,0.0,0.0,0.013859844883509284,0.0,0.0,0.0,0.0,0.0,0.0,0.0,0.0,0.0,0.0027418071140119407,0.004342410664671424,0.0,0.0027648515838320036,0.0,0.0,0.0,0.0,0.0
SEC182,0.0,0.0,0.0,0.0,0.0,0.0,0.001385227933266544,0.0,0.0,0.01005271786734889,0.0,0.0,0.0,0.0,0.006168484359369292,0.0,0.0053967802249193396,0.0,0.0,0.0,0.0,0.0,0.0,0.0,0.0,0.004329364925444441,0.003984615037904532,0.0,0.002865791530025109,0.0019352468517328393,0.0,0.001668864385845599,0.0,0.0,0.0,0.0,0.0
SEC183,0.0,0.0,0.0,0.0,0.0,0.0,0.0,0.0,0.0,0.03995584491260171,0.0,0.0,0.0,0.0,0.0,0.0,0.009347901238199976,0.0,0.0,0.0,0.0,0.0,0.0,0.0,0.0,0.006487388660062324,0.02639661678075359,0.0,0.004310712483090584,0.0,0.0,0.0028953442255434192,0.0,0.0,0.0,0.0,0.0
SEC184,0.0,0.0,0.0,0.0,0.0,0.0,0.0,0.0,0.0,0.007543296052889562,0.0,0.0,0.0,0.0,0.0,0.0,0.0029347905767002896,0.0,0.0,0.0,0.0,0.0,0.0,0.0,0.0,0.01532890605538912,0.00827977480564613,0.0,0.001339193323902799,0.0,0.0,0.0009072892517840791,0.0,0.0,0.0,0.0,0.0
SEC185,0.0013741849775355786,0.0,0.0,0.0,0.0,0.0,0.0031128565608426056,0.0,0.0,0.01644698402668987,0.0,0.001133827128631563,0.0,0.0,0.009120469958008469,0.0,0.008949969260314713,0.0,0.0,0.0,0.0,0.0,0.0,0.0,0.0,0.009247686164756727,0.008633048574301002,0.020506823905726806,0.00420324291769407,0.0,0.0,0.0037167280158778987,0.0,0.01652741644565259,0.0,0.0,0.0
SEC186,0.0,0.0,0.0,0.0,0.0,0.0,0.0014049730123442442,0.0,0.0,0.008963539833817603,0.0,0.0014958812628156374,0.0,0.008545485345763283,0.006260852066568524,0.0,0.006356746225453964,0.0,0.0,0.0,0.0,0.0,0.0,0.0,0.0,0.0,0.006526460486575239,0.0,0.0022345260130093147,0.0,0.0,0.001965252107407484,0.0,0.0,0.0,0.0,0.0
SEC187,0.0,0.0,0.0,0.0,0.0,0.0,0.0,0.0,0.0,0.0073011490102766405,0.0,0.0,0.0,0.0,0.0,0.0,0.0008083477752068402,0.0,0.0,0.0,0.0,0.0,0.0,0.0,0.0,0.0,0.0022844458368614542,0.0,0.0005202558709489673,0.0,0.0,0.0002501379556990365,0.0,0.0,0.0,0.0,0.0
SEC188,0.0,0.0,0.0,0.0,0.0,0.0,0.0,0.0,0.0,0.004896048554902612,0.0,0.0,0.0,0.0,0.0,0.0,0.0,0.0,0.0,0.0,0.0,0.0,0.0,0.0,0.0,0.0,0.0,0.0,0.00018747922210041998,0.0,0.0,0.0,0.0,0.0,0.0,0.0,0.0
SEC189,0.0,0.0,0.0,0.0,0.0,0.0,0.0,0.04039344503734793,0.0,0.007658149661754126,0.0,0.0,0.0,0.0,0.0,0.0,0.0,0.0,0.0,0.0,0.0,0.0,0.0,0.0,0.0,0.0,0.0,0.0,0.00029324544583541544,0.0,0.0,0.0,0.0,0.0,0.0,0.0,0.0
SEC19,0.0,0.0,0.0,0.0,0.0,0.0,0.0,0.0,0.0,0.0029830077741870493,0.0,0.0,0.0,0.0,0.0,0.0,0.0,0.0,0.0,0.0,0.0,0.0,0.0,0.0,0.0,0.0,0.0,0.0,0.00011422516969609944,0.0,0.0,0.0,0.0,0.0,0.0,0.0,0.0
SEC190,0.0,0.0,0.0,0.0,0.0,0.0,0.0,0.0,0.0,0.0035018073225625552,0.0,0.0,0.0,0.0,0.0,0.0,0.0031921380608357407,0.0,0.0,0.0,0.0,0.0,0.0,0.0,0.0,0.0,0.009008676586605107,0.0,0.0009483787270544719,0.0,0.0,0.0009857080970033416,0.0,0.0,0.0,0.0,0.0
SEC191,0.0,0.0,0.0,0.0,0.009631941565350268,0.0,0.002123650029624062,0.0,0.0,0.019463239076191678,0.08657137591417213,0.002258050408342366,0.046772537939865945,0.01289598530044979,0.009448246992640148,0.024097522962697644,0.006101889582925033,0.0,0.0,0.0,0.0,0.0,0.0,0.0,0.11067646703675268,0.0,0.0,0.0,0.0025637752733623383,0.0,0.0,0.001889308697332497,0.0,0.0,0.0,0.0,0.0
SEC192,0.0,0.0,0.0,0.0,0.0,0.0,0.0,0.0,0.0,0.007602173832002417,0.0,0.0,0.0,0.0,0.0,0.0,0.0,0.0,0.0,0.0,0.0,0.0,0.0,0.0,0.0,0.0,0.0,0.0,0.0002911020224398759,0.0,0.0,0.0,0.0,0.0,0.0,0.0,0.0
SEC193,0.00850354688437004,0.0,0.0,0.0,0.0,0.0,0.00772312365567168,0.0,0.12685262414431336,0.01831103665525294,0.0,0.007016702376231346,0.0,0.0,0.005080725337599764,0.0,0.0014182085694723027,0.0,0.0,0.0,0.0,0.0,0.011988654749008117,0.0,0.0,0.0,0.004004131662241123,0.0,0.007737243777258915,0.009194028733927781,0.0,0.0073231343901209184,0.0,0.0,0.0,0.034575751482563574,0.0
SEC194,0.0,0.0,0.0,0.0,0.0,0.0,0.0,0.0,0.0,0.02246739252334596,0.0,0.0,0.0,0.0,0.0,0.0,0.003051688560249918,0.0,0.0,0.0,0.0,0.0,0.0,0.0,0.0,0.0,0.008618634255054297,0.0,0.0018995090657984684,0.0,0.0,0.0009437603218665348,0.0,0.0,0.0,0.0,0.0
SEC195,0.0,0.0,0.0,0.0,0.0,0.0,0.0,0.0,0.0,0.0,0.0,0.0,0.0,0.0,0.0,0.0,0.0014177896552021152,0.0,0.0,0.0,0.0,0.0,0.0,0.0,0.0,0.0,0.0040029489110371555,0.0,0.0004221106506150069,0.0,0.0,0.00043856773424814314,0.0,0.0,0.0,0.0,0.0
SEC196,0.0,0.0,0.0,0.0,0.0,0.0,0.0,0.0,0.0,0.0097315146891096,0.0,0.0,0.0,0.0,0.0,0.0,0.0009484123275443822,0.0,0.0,0.0,0.0,0.0,0.0,0.0,0.0,0.0,0.0026777216774210347,0.0,0.0006545642055453404,0.0,0.0,0.00029320013436664116,0.0,0.0,0.0,0.0,0.0
SEC197,0.0,0.0,0.0,0.0,0.0,0.0,0.0,0.0,0.0,0.0016122324214129958,0.0,0.0,0.0,0.0,0.0,0.0,0.0045339413704135,0.0,0.0,0.0,0.0,0.0,0.0,0.0,0.0,0.02065254552987211,0.012793797642850619,0.0,0.0014105173886672202,0.0,0.0,0.0014034066798448309,0.0,0.0,0.0,0.0,0.0
SEC20,0.0,0.0,0.0,0.0,0.0,0.0,0.0,0.0,0.0,0.0,0.0,0.0,0.0,0.0,0.0,0.0,0.0019851789873054954,0.0,0.0,0.0,0.0,0.0,0.0,0.0,0.0,0.0,0.005589364986411209,0.0,0.0005891451103456459,0.0,0.0,0.0006134313527820818,0.0,0.0,0.0,0.0,0.0
SEC21,0.01192415843864914,0.0,0.0,0.0,0.0,0.0,0.014448206539841949,0.0,0.3004644916673257,0.010273326898852513,0.0,0.013462323986961264,0.0,0.02076572577503926,0.023220150280334726,0.023679335062295297,0.023479820860413506,0.0,0.012986460764732408,0.0,0.018063744379142523,0.0,0.011513942429702462,0.0,0.0,0.016656467229633626,0.023982186340681746,0.0,0.01498363815743579,0.012911315558721218,0.028708934449521686,0.015486299376792537,0.012087318777591937,0.0,0.0,0.06648094376143723,0.0
SEC22,0.0,0.0,0.0,0.0,0.0,0.016160181566843967,0.0014842697339053745,0.0,0.0,0.013421569910906029,0.0,0.001580471570343198,0.0,0.009038785872342152,0.006622268825980776,0.01688993473853255,0.008680163213528467,0.0,0.0,0.0,0.0,0.0,0.0,0.0,0.0,0.023016771516770205,0.012442360704028106,0.020125242244740486,0.0030947762358783347,0.0,0.0,0.002686336618279208,0.004059834289835607,0.0,0.0,0.0,0.0
SEC23,0.0,0.0,0.0,0.0,0.0,0.0,0.0015980437380880002,0.0,0.0,0.0,0.0,0.0017019958236398828,0.0,0.009733455367907155,0.007131218613022016,0.0,0.004601047778618248,0.0,0.0,0.0,0.0,0.0,0.0,0.0,0.0,0.0,0.0,0.0,0.0013684112283157126,0.0,0.0,0.0014244045301854598,0.0,0.0,0.0,0.0,0.0
SEC24,0.019330294313530817,0.0,0.0,0.0,0.06795441992933446,0.0,0.01680193218994575,0.0,0.0,0.05760295072916821,0.0,0.017890906662097472,0.0,0.011067188786124952,0.008108378749612778,0.0,0.018846624677522017,0.0,0.0,0.0,0.0,0.0,0.027252654436185183,0.0,0.0,0.05624461161531065,0.03844317385162819,0.015529762303573476,0.02065612955995474,0.02095304842008747,0.0,0.019189505658019506,0.015415593567059165,0.0,0.0,0.0,0.01422661614040499
SEC25,0.0,0.0,0.0,0.0,0.008115380954735832,0.0,0.0028855847264673646,0.0,0.0,0.007750694112126709,0.0,0.001908673045897231,0.03948671045896234,0.010912358644085657,0.012864413884194403,0.020390905144244742,0.010294131902029555,0.0,0.0,0.0,0.0,0.0,0.0,0.0,0.0,0.006234097738339348,0.005591216569896839,0.013849095400881568,0.0033560156432307954,0.0,0.0,0.003181781473249857,0.0,0.027805444797077333,0.0,0.0,0.0
SEC26,0.013381770627044445,0.0,0.0,0.0,0.0,0.0,0.011078829110900025,0.0,0.0,0.0,0.0,0.011041969078755964,0.0,0.0,0.0031104573330558833,0.0,0.002581046651468875,0.0,0.008193228087802564,0.0,0.0,0.0,0.015524124994275627,0.0,0.0,0.0,0.0016131816613516017,0.0,0.00964771655085956,0.014503287568990518,0.0,0.010036528747667469,0.0,0.0,0.0,0.0,0.0
SEC27,0.0069333963652679475,0.0,0.0,0.0,0.0,0.0,0.012920610158498255,0.0,0.0,0.04042823356455105,0.0,0.009229717350600002,0.0,0.020062742029267784,0.033593910268398475,0.025120152742014148,0.032447261719843044,0.04916605903413973,0.0239639332326503,0.0,0.0,0.0,0.0,0.0,0.0,0.03705022292912282,0.03035937919922014,0.03982054456477214,0.015815226341342872,0.007519336605256279,0.0,0.014822707210626857,0.0,0.10204708924258438,0.0,0.0,0.0
SEC28,0.0,0.0,0.0,0.0,0.008700273238753695,0.0,0.0029302033115960833,0.0,0.0,0.005629017377691272,0.0,0.003121367034625636,0.042305602261898265,0.017846750570054172,0.013071452667971748,0.021871994883626313,0.011053274233500323,0.0,0.0,0.0,0.01667086256428133,0.0,0.0,0.0,0.0,0.0,0.007405598718802585,0.0,0.0035048914861975787,0.0,0.0,0.0034224651729497547,0.0,0.0,0.0,0.0,0.0
SEC29,0.0,0.0,0.0,0.0,0.0,0.0,0.0014915385849239443,0.0,0.0,0.013196645159839674,0.0,0.0015850558616077551,0.032850537555135166,0.009070179112278656,0.006645269091405161,0.0,0.014591978066937778,0.0,0.0,0.0,0.0,0.0,0.0,0.0,0.0,0.029521889495241482,0.02907406059770467,0.05225268019311094,0.004845855238971497,0.0,0.0,0.004511257885131268,0.0,0.0,0.0,0.0,0.0
SEC3,0.0,0.0,0.0,0.0,0.0,0.0,0.0010297726487194729,0.0,0.0,0.002389582805410232,0.0,0.0,0.0,0.0,0.00458888118076631,0.0,0.004293903493596086,0.01127859581606456,0.0,0.0,0.0,0.0,0.0,0.0,0.0,0.0,0.003752284341946553,0.0,0.0013685643114851103,0.0,0.0,0.001327453307718469,0.0,0.0,0.0,0.0,0.0
SEC30,0.025925968081424777,0.0,0.0,0.0,0.0913140416692663,0.0,0.024044559384072933,0.0,0.0,0.016920292643937854,0.0,0.024008718633537235,0.0,0.014962024041234943,0.017548785998731376,0.027958136544209453,0.014090690968083793,0.04100958500728338,0.028875854464209934,0.0,0.0,0.0,0.024772925313626327,0.0,0.0,0.0,0.0077664509473548225,0.0,0.021182533883005214,0.028143866872861044,0.022470522450109984,0.02226181603342617,0.0,0.0,0.0,0.11880037177446788,0.0
SEC31,0.0,0.0,0.0,0.0,0.0,0.0,0.000849573808843099,0.0,0.0,0.007306317050630756,0.0,0.0009039479235965031,0.0,0.0051840131970608775,0.003784332893712796,0.0,0.007356698072085984,0.0,0.0,0.0,0.0,0.0,0.0,0.0,0.0,0.012403363843892342,0.013857073762623087,0.017109539681971767,0.002466658119186311,0.0,0.0,0.0022745425702119146,0.0,0.0,0.0,0.00446052950186429,0.0
SEC33,0.008637285789285907,0.0,0.0,0.0,0.030305718408269948,0.0,0.01627108161750628,0.0,0.0,0.018922198013831448,0.0,0.01458933676769347,0.0,0.04266261458187606,0.04273444597985636,0.018561885299515225,0.03407911482526367,0.0,0.029853094942418987,0.0,0.0,0.0,0.0,0.0,0.8893235329632474,0.0,0.01831556384891192,0.0,0.01659613959277182,0.009338708858868065,0.0,0.016499312918124426,0.08125994986881302,0.0,0.0,0.0,0.0
SEC35,0.0,0.0,0.0,0.0,0.0,0.0,0.0,0.0,0.0,0.0022660977574202085,0.0,0.0,0.0,0.0,0.0,0.0,0.002785934050230643,0.0,0.0,0.0,0.0,0.0,0.0,0.0,0.0,0.01454249844065687,0.007846073955121378,0.032240523131734915,0.0009147374702155001,0.0,0.0,0.0008589361468580283,0.006515518619608889,0.0,0.0,0.0,0.0
SEC36,0.0,0.0,0.0,0.0,0.011296323749600186,0.0,0.0024902309213481197,0.0,0.0,0.002948914942531628,0.0,0.0026500111719178114,0.05487478241638298,0.015168623683674717,0.011113296096636454,0.028344189995092646,0.013231530895027582,0.0,0.0,0.0,0.0,0.0,0.0,0.0,0.0,0.0,0.017110996909638312,0.0,0.004049166909399329,0.0,0.0,0.004091953527306044,0.016799363925892936,0.0,0.0,0.0,0.0
SEC37,0.0033368767327486854,0.0,0.0,0.1104468580920539,0.011755601482171387,0.0,0.005991106493323359,0.0,0.0,0.008003413991223247,0.0,0.006370651237355626,0.0,0.020687079849098584,0.015156394445016548,0.027265645517265433,0.019654868812815855,0.0,0.0,0.0,0.0,0.0,0.004704467868866915,0.0,0.0,0.02970837936527839,0.027846615660090678,0.026252919316944876,0.008370382555664021,0.0036245181783524467,0.0,0.008382600977012626,0.0,0.0,0.0,0.0,0.0
SEC38,0.0,0.0,0.0,0.0,0.0,0.0,0.003551215768298974,0.0,0.0,0.00707880151493662,0.0,0.003778709685016773,0.03739757995358901,0.021632078373894123,0.015848747860589797,0.01932521857175632,0.012314526686663597,0.0,0.0,0.0,0.0,0.0,0.0,0.0,0.0,0.0,0.005857320837136549,0.0,0.003928957767826039,0.0,0.0,0.003803979431241598,0.012497105348171843,0.0,0.0,0.0,0.0
SEC39,0.0,0.0,0.0,0.0,0.01431171992386289,0.0,0.004148431283277733,0.0,0.0,0.0,0.0,0.004408554630436821,0.03806428985372303,0.025232893849684367,0.01848688625773892,0.035883818153890204,0.012874748317220942,0.0,0.0,0.0,0.0,0.0,0.0,0.0,0.0,0.00485890209726648,0.0026268559988237407,0.0,0.0038302380323148814,0.0,0.0,0.003980229121139767,0.006678592227247726,0.06443006634491509,0.0,0.0,0.0
SEC4,0.0,0.0,0.0,0.0,0.0,0.0,0.0007318311269507922,0.0,0.0,0.004520919175481372,0.0,0.0,0.0,0.0,0.0032611917690176903,0.0,0.007422292556854047,0.0,0.0,0.0,0.0,0.0,0.0,0.0,0.0,0.011440199745833074,0.015005030934292183,0.025400849943469028,0.002378615351936681,0.0,0.0,0.0022934061183566908,0.005128162814281405,0.0,0.0,0.0,0.0
SEC40,0.03661387159410814,0.0,0.0,0.0,0.0,0.0,0.03312475846799879,0.0,0.0,0.014094213362126623,0.0,0.031265893305523595,0.0,0.006027610618541616,0.020957990669637622,0.011263232851656603,0.020831056412345554,0.0,0.056070596096209346,0.0,0.0,0.0,0.028748325345118043,0.0,0.0,0.02528573766663467,0.02053693781803574,0.056140357223282235,0.03096361592119108,0.03251018219885982,0.0,0.03172907143263037,0.0,0.0,0.0,0.0,0.0
SEC41,0.0,0.0,0.0,0.0,0.0,0.0,0.0011778439535695346,0.0,0.0,0.014975086900023575,0.04801264546329308,0.00125265967912049,0.025941539442506528,0.007164015362850383,0.005248717723407929,0.013386726232185188,0.004687054971628835,0.0,0.0,0.0,0.0,0.0,0.0,0.0,0.0,0.0067399700451840185,0.0036373460061313477,0.014946320761131183,0.0019680781515616862,0.0,0.0,0.001447400175693646,0.0,0.0,0.0,0.0,0.0
SEC42,0.003409566030943977,0.0,0.07114277271983477,0.0,0.0,0.0,0.004283599243229788,0.0,0.0,0.004661240941326622,0.0,0.002813403676907535,0.0,0.0,0.007332413984116087,0.0,0.0067999993276469505,0.046917161756053,0.011784500468941,0.0,0.0,0.0,0.0,0.0,0.0,0.010753518410073295,0.0058098657113872885,0.02387348257633874,0.004458091685528132,0.0,0.0,0.004455788644588163,0.0,0.0,0.0,0.0,0.0
SEC43,0.0,0.0,0.0,0.0,0.0,0.0,0.002292439526066461,0.0,0.04421386278984798,0.008816419794993445,0.0,0.002441824511441986,0.0,0.013964900926353187,0.010231388304647968,0.026094905732627988,0.0077586528462581395,0.0,0.0,0.0,0.019947896730336246,0.0,0.0,0.0,0.0,0.0060956971662854695,0.00329041876732563,0.0,0.002649270539814973,0.0,0.0,0.0024044835296728817,0.0,0.0,0.0,0.0,0.0
SEC44,0.0,0.0,0.0,0.0,0.008033162066140687,0.0,0.0017728697385223503,0.0,0.0,0.0,0.07226167312704412,0.0018850090952419114,0.039085870393695356,0.010793953712399926,0.007908193001609774,0.020169652910024687,0.005100566902485789,0.019437255366643875,0.0,0.0,0.0,0.0,0.0,0.0,0.0,0.0,0.0,0.0,0.001519636677762368,0.0,0.0,0.0015788085183976303,0.0,0.02750995318837545,0.0,0.0,0.0
SEC45,0.0,0.0,0.0,0.0,0.0,0.0,0.00416048583933021,0.0,0.0,0.009718844872901145,0.04655047308289488,0.0030002027688324625,0.06210380101458653,0.017167465841080573,0.018552358091058256,0.032079239598880246,0.011975825354518828,0.0,0.0,0.0,0.0,0.0,0.0,0.0,0.0,0.0,0.0,0.0,0.003934794096037314,0.003935766030752682,0.0,0.0037043441090407287,0.0,0.0,0.0,0.014826002869725914,0.0
SEC46,0.017029874502706217,0.0,0.0,0.0,0.0,0.0,0.01430747880120819,0.0,0.0,0.021743920989375595,0.0,0.015217889103829235,0.0,0.00666442257344652,0.004882690935996414,0.0,0.006098879670829882,0.0,0.05886044213303736,0.0,0.11468602836959105,0.0,0.0,0.0,0.0,0.007531662797933509,0.008323482503464312,0.0,0.013963691624056147,0.0,0.0,0.013661977717735375,0.08902412519956811,0.0,0.0,0.0,0.0973352186200417
SEC47,0.0,0.0,0.0,0.0,0.0,0.0,0.0014330828661708625,0.0,0.0,0.004180843179718542,0.0,0.0015230360306296735,0.031563073855824665,0.008718507854707118,0.006387617052856979,0.01629146112797886,0.0059877437180735175,0.0,0.0,0.0,0.0,0.0,0.0,0.0,0.0,0.009728451791863733,0.0052594683813657565,0.010942173671217015,0.0019402229722827826,0.0,0.0,0.0018514310932937984,0.0,0.0,0.011941256696768097,0.0,0.0
SEC48,0.0,0.0,0.0,0.0,0.0,0.0,0.0,0.0,0.0,0.0074280365769814815,0.0,0.0,0.0,0.0,0.0,0.0,0.0006676988331077685,0.0,0.0,0.0,0.0,0.0,0.0,0.0,0.0,0.0,0.001881813721185239,0.0,0.00048225368646198294,0.0,0.0,0.0002073353288564352,0.0,0.0,0.0,0.0,0.0
SEC49,0.011662897951207198,0.0,0.0,0.0,0.0,0.0,0.009056934525796924,0.0,0.0,0.00828052647963515,0.0,0.009623641155950628,0.0,0.0,0.0,0.0,0.0,0.0,0.040310533694858534,0.0,0.0,0.0,0.0,0.0,0.0,0.0,0.0,0.0,0.008064476017916341,0.012657345752974222,0.0,0.00806036927098331,0.0,0.0,0.0,0.0,0.0
SEC5,0.03429589263323704,0.0,0.0,0.8515113553107964,0.0,0.0,0.04290863224148423,0.0,0.0,0.04604364086738305,0.17615399444849916,0.04175051004301839,0.09526584471823893,0.07696377594703349,0.07258741423211403,0.0688579954678909,0.06793596122870917,0.03790360757237474,0.025324991628777486,0.9999999999999999,0.0,0.0,0.03802160590586964,0.0,0.0,0.04390606575927002,0.05938720676545492,0.06776659925441177,0.04475319370124789,0.03716135922225482,0.014318545533726404,0.044689908935590626,0.05506972064793694,0.0,0.0,0.0,0.0
SEC50,0.10730994855233755,0.0,0.0,0.0,0.0,0.0,0.08713270418668045,0.0,0.0,0.014349402265737887,0.15875663120178607,0.09268168519840136,0.06540573154524439,0.023592469653879067,0.017280685911346273,0.044085043987392665,0.015570588800728482,0.0,0.0,0.0,0.0,0.0,0.15129003718347878,0.9999999999999999,0.0,0.020153304661262497,0.012467210774022509,0.04468656201349665,0.07647866725707762,0.11627580392261175,0.12557557534880265,0.07894397025621382,0.0,0.0,0.7263996966601868,0.0,0.0
SEC52,0.022193097777344555,0.0,0.0,0.0,0.0,0.0,0.01722623556301677,0.0,0.0,0.0,0.0,0.018312636365474026,0.0,0.0,0.0,0.0,0.0,0.0,0.013280493167431441,0.0,0.0,0.0,0.02587158394870856,0.0,0.0,0.0,0.0,0.0,0.014753170798347995,0.024073250762197525,0.04728596906276877,0.015329851821825412,0.07182224343657827,0.26742547082158435,0.0,0.0,0.0
SEC53,0.014050683870998006,0.0,0.17768179837095843,0.0,0.0,0.0,0.013114297057755322,0.0,0.0,0.002377149744977163,0.0,0.011593922894283057,0.0,0.0,0.009882860752174,0.0,0.008309310864339541,0.04273873887593713,0.04856345035232386,0.0,0.0,0.0,0.0,0.0,0.0,0.0,0.0054213012041058875,0.0,0.011892387237861176,0.017436002752444727,0.0,0.012269597682539081,0.0,0.0,0.0,0.0,0.0
SEC54,0.013583059119798508,0.0,0.0,0.0,0.0,0.0,0.010532319805966701,0.0,0.0,0.0,0.0,0.011208062294283649,0.0,0.0,0.0,0.0,0.0,0.0,0.012046915919162389,0.0,0.0,0.0,0.01423597410912021,0.0,0.0,0.0,0.0,0.0,0.00901969401401442,0.014714230167621828,0.0,0.00938510132320872,0.0,0.0,0.0,0.0,0.0
SEC55,0.011356837419964615,0.06930858829689018,0.0,0.0,0.03996414200520337,0.0,0.008819841726543619,0.0,0.0,0.0,0.0,0.009371095284675696,0.0,0.0,0.0,0.0,0.0,0.0,0.0,0.0,0.07668158930787038,0.0,0.016011342645599867,0.0,0.0,0.0,0.0,0.0,0.0075560793006521345,0.012337571569439723,0.03998484850512776,0.00785172568246122,0.0,0.0,0.0,0.0,0.16454882678894223
SEC56,0.0,0.0,0.0,0.0,0.0,0.0,0.0,0.0,0.0,0.003206478168347466,0.0,0.0,0.0,0.0,0.0,0.0,0.0,0.0,0.0,0.0,0.0,0.0,0.0,0.0,0.0,0.0,0.0,0.0,0.000122782285743839,0.0,0.0,0.0,0.0,0.0,0.0,0.0,0.0
SEC57,0.0,0.0,0.0034413942747403637,0.0,0.0,0.0,0.0,0.0,0.0,0.0,0.0,0.0,0.0,0.0,0.0,0.0,0.001387039954292534,0.0,0.0,0.0,0.0,0.0,0.0,0.0,0.0,0.0,0.003916131038358306,0.0,0.0004127220676065807,0.0,0.0,0.00042941476299192835,0.0,0.0,0.0,0.0,0.0
SEC58,0.04490212453816604,0.0,0.0,0.0,0.0,0.0,0.04422142212684737,0.0,0.0,0.0,0.0,0.047045675611750784,0.0,0.057130467850825636,0.04185665216607072,0.0,0.026979614438447295,0.0,0.055378588689851654,0.0,0.0,0.8325156906527075,0.04071572251377863,0.0,0.0,0.0,0.0,0.0,0.037866168148294944,0.04868647192833163,0.10161808728954054,0.039375250378323845,0.09325408168941052,0.0,0.26165904664304507,0.0,0.0
SEC59,0.0,0.0,0.0,0.0,0.0,0.0,0.0015174097052346063,0.0,0.0,0.001450582342430931,0.037097951296659576,0.0009699909929292904,0.02004155689356638,0.005542565467195418,0.006762781670621414,0.010356874291205818,0.005148096689141112,0.0,0.0,0.0,0.0,0.0,0.0,0.0,0.0,0.0,0.002204864631112501,0.0,0.001586544901796015,0.0,0.0,0.0015927874304332652,0.0,0.0,0.0,0.0,0.0
SEC6,0.009006015854165076,0.0,0.0,0.0,0.0,0.0,0.009765855613694682,0.0,0.0,0.027124649203195392,0.0,0.008515480589421533,0.0,0.006210805619052522,0.01236056343514182,0.0,0.01781465419423891,0.0,0.031127538546984742,0.0,0.0,0.0,0.0,0.0,0.0,0.020587932216039995,0.027751117721403495,0.02718145658424688,0.012323181408223867,0.009773570341014143,0.0,0.011732722540613841,0.0,0.0,0.0,0.042107770446248846,0.0
SEC60,0.0,0.0,0.0,0.0,0.0,0.0,0.001417992211172344,0.0,0.0,0.006785704629460875,0.0,0.0,0.0,0.0,0.006318598733085584,0.0,0.004751154951432987,0.005788513794022522,0.0,0.0,0.0,0.0,0.0,0.0,0.0,0.0,0.0018896552878992859,0.0,0.0016729281024359505,0.0,0.0,0.0014642990457605694,0.0,0.0,0.0,0.0,0.0
SEC61,0.09262193474894771,0.5642369495699902,0.0,0.0,0.3357156132718222,0.0,0.07410343544387368,0.0,0.0,0.004716114165610109,0.0,0.07885981959057366,0.05033448220032535,0.013916029178569485,0.010195582405892304,0.026003583663239165,0.011773900837975727,0.0,0.03292917795637883,0.0,0.12028175682088227,0.0,0.11715031037790494,0.0,0.0,0.020263255544591904,0.01466240192647303,0.0,0.06497968951824926,0.10032906714915085,0.0,0.06761094837178774,0.0,0.0,0.0,0.3892626529949125,0.0
SEC62,0.03011669679031556,0.0,0.0,0.0,0.10601222161999582,0.0,0.027528007258062995,0.0,0.0,0.0,0.0,0.029297476167343402,0.058953796103852686,0.025429716566787296,0.01863108847274037,0.04751813565433239,0.012026747388746668,0.0,0.0,0.0,0.0,0.0,0.04245977412828743,0.0,0.0,0.0,0.0,0.0,0.023572342437986175,0.03267214699220427,0.0,0.02452221760633414,0.0,0.0,0.0,0.0,0.0
SEC63,0.013986671610935733,0.0,0.1542436233770868,0.0,0.0,0.0,0.010838068612162733,0.0,0.0,0.01725726375681778,0.0,0.011541103172889804,0.0,0.0,0.0,0.0,0.0020940087342667317,0.11877649858385195,0.0,0.0,0.0,0.0,0.019718992475888944,0.0,0.0,0.0,0.005916682161076279,0.0,0.010565860963422075,0.015135178043192544,0.015755954856295024,0.010307081639079403,0.0,0.0,0.0,0.0,0.0
SEC64,0.0,0.0,0.0,0.0,0.0,0.0,0.0,0.0,0.0,0.012400712829700088,0.0,0.0,0.0,0.0,0.0,0.0,0.0012604633963466615,0.0,0.0,0.0,0.0,0.0,0.0,0.0,0.0,0.006590135017901791,0.0035623015487635224,0.0,0.00085020553213118,0.0,0.0,0.00039055710849367355,0.0,0.0,0.0,0.0,0.0
SEC66,0.014181287408342624,0.0,0.0,0.0,0.0,0.0,0.0109944556882717,0.0,0.0,0.0,0.0,0.011701690413330268,0.0,0.0,0.0,0.0,0.0038967274774291648,0.0,0.049014856024809664,0.0,0.04067863924194471,0.0,0.0,0.0,0.0,0.020354822152649634,0.011001914815184612,0.0,0.010565005407231685,0.0,0.0,0.01099976030281263,0.0740594703231921,0.0,0.0,0.0,0.0
SEC68,0.0,0.0,0.0,0.0,0.0,0.0,0.0028894532797622665,0.0,0.0,0.0,0.0,0.003076023407597088,0.0,0.017567122042142932,0.012870556544309209,0.03282603980513892,0.009601307792870564,0.0,0.0,0.0,0.0,0.0,0.0,0.0,0.0,0.006750617642514793,0.0036495694078671668,0.014996548284943258,0.002856973317810275,0.0,0.0,0.0029716877331411816,0.0,0.0,0.0,0.0,0.0
SEC7,0.0,0.0,0.0,0.0,0.0,0.0,0.0011119760032159939,0.0,0.0,0.004231535973453806,0.0,0.0011830501920362022,0.0,0.006765915668907886,0.004957049878847655,0.0,0.009114311680003076,0.0,0.0,0.0,0.0,0.0,0.0,0.0,0.0,0.019946715802500813,0.016700134714378555,0.03375529067545067,0.0028731470338514697,0.0,0.0,0.002820576606775268,0.0,0.0,0.0,0.0,0.0
SEC71,0.0,0.0,0.0,0.0,0.0,0.0,0.0,0.0,0.0,0.0024425349256877397,0.0,0.0,0.0,0.0,0.0,0.0,0.0,0.0,0.0,0.0,0.0,0.0,0.0,0.0,0.0,0.0,0.0,0.0,9.352941309426072e-05,0.0,0.0,0.0,0.0,0.0,0.0,0.0,0.0
SEC72,0.0,0.0,0.0,0.0,0.0,0.0,0.0011760855752519753,0.0,0.0,0.0,0.0,0.0012510945859975377,0.0,0.007153320355890827,0.005240882023770588,0.0,0.006408590567815126,0.0,0.0,0.0,0.0,0.0,0.0,0.0,0.0,0.01579287476795424,0.00853148442517683,0.035056962568955866,0.0019066715967632369,0.0,0.0,0.001982084743294998,0.012170415933481248,0.0,0.0,0.0,0.0
SEC73,0.0,0.0,0.0,0.0,0.0,0.0,0.0020246590474193187,0.0,0.0,0.0,0.0,0.0021582692072349887,0.0,0.012331035770597918,0.009034336572299465,0.023041854554957143,0.007862641999635798,0.022224106540905376,0.0,0.0,0.0,0.0,0.0,0.0,0.0,0.005537733047296691,0.005721272482431381,0.012295325997999729,0.002335487860050598,0.0,0.0,0.0024325894382916124,0.013659399476889267,0.0,0.0,0.0,0.0
SEC74,0.0056449033772816475,0.0,0.0,0.0,0.0,0.0,0.011894777753364628,0.0,0.0,0.04101413646412135,0.0,0.011364001867643478,0.0,0.03835782552481731,0.03350763534674212,0.02523986877936903,0.05118595370175162,0.0,0.019510508344161542,0.0,0.03808483566267879,0.16748430934729253,0.0,0.0,0.0,0.13034792290983072,0.08343845003921828,0.01960986197777559,0.02065506833872797,0.0,0.0,0.019743573954394168,0.037201759136235406,0.0,0.0,0.0,0.0
SEC75,0.0,0.0,0.0,0.0,0.0,0.0,0.003030760590537162,0.0,0.0,0.002116380169517541,0.0,0.0,0.0,0.0,0.013510567270631197,0.0,0.008729562873235959,0.023907845292924303,0.0,0.0,0.0,0.0,0.0,0.0,0.0,0.0,0.0,0.0,0.0026765745160744563,0.0,0.0,0.0027052421685865363,0.0,0.0,0.0,0.0,0.0
SEC76,0.0,0.0,0.0,0.0,0.0,0.0,0.0,0.0,0.0,0.0023959008023876453,0.0,0.0,0.0,0.0,0.0,0.0,0.0,0.0,0.0,0.0,0.0,0.0,0.0,0.0,0.0,0.0,0.0,0.0,9.174370180859912e-05,0.0,0.0,0.0,0.0,0.0,0.0,0.0,0.0
SEC77,0.006713873850387577,0.0,0.0,0.0,0.0,0.0,0.006702737292724418,0.0,0.0,0.002290943584934169,0.0,0.007134624502560365,0.0,0.009091088927192702,0.006660588672753582,0.0,0.004904673532140291,0.0,0.02320519644442784,0.0,0.0,0.0,0.0,0.0,0.0,0.0,0.0016975209202807614,0.0,0.006009720155454814,0.00727366704087566,0.0,0.006154352598027799,0.03506558517479066,0.0,0.0,0.0,0.0
SEC78,0.0,0.0,0.0,0.0,0.0,0.0,0.0,0.0,0.0,0.003394814005440769,0.0,0.0,0.0,0.0,0.0,0.0,0.0018012956539368897,0.0,0.0,0.0,0.0,0.0,0.0,0.0,0.0,0.00941608285146095,0.0050905931481304775,0.020917899459693905,0.0006657226993769354,0.0,0.0,0.0005574001986925223,0.0,0.0,0.0,0.0,0.0
SEC79,0.004073157493332311,0.0,0.04492839771097352,0.0,0.0,0.0,0.0031566281720698673,0.0,0.0,0.0,0.0,0.003360966223960158,0.0,0.0,0.0,0.0,0.0006797315140992653,0.0,0.0,0.0,0.0,0.0,0.005742507166703763,0.0,0.0,0.0,0.0019191355460788742,0.0,0.0029063049519525474,0.004411610614954157,0.0,0.0030230351076168827,0.0,0.0,0.0,0.0,0.0
SEC8,0.013697139792473941,0.0,0.0,0.0,0.02875801834961775,0.0,0.0196830061754065,0.0,0.0,0.010862057338825986,0.0,0.019110881148763297,0.0,0.04466016884923002,0.040269335952318096,0.0544648012245704,0.032709985415599836,0.11668386459374527,0.04734149414987876,0.0,0.026852283486856768,0.0,0.0,0.0,0.0,0.01680174484874608,0.018844860995812337,0.0,0.019263157678301862,0.01486852269977761,0.0,0.019585299574600642,0.061229739903598736,0.0,0.0,0.0,0.0
SEC80,0.0,0.0,0.0,0.0,0.0,0.0,0.0,0.0,0.0,0.0,0.0,0.0,0.0,0.0,0.0,0.0,0.003302279418796774,0.0,0.0,0.0,0.0,0.0,0.0,0.0,0.0,0.017242471689307676,0.009322176964980987,0.0383060195196626,0.0009820640179692432,0.0,0.0,0.001020973220380206,0.0,0.0,0.0,0.0,0.0
SEC81,0.0,0.0,0.0,0.0,0.0,0.0,0.0011899593102485087,0.0,0.0,0.03246472983260697,0.0,0.0,0.0,0.0,0.005302706273532609,0.0,0.0081910603363791,0.013046386029745005,0.0,0.0,0.0,0.0,0.0,0.0,0.0,0.004564367086438223,0.013452695797976356,0.0,0.003679533739106513,0.0,0.0,0.002533842920729277,0.0,0.0,0.0,0.0,0.0
SEC82,0.0,0.0,0.0,0.0,0.0,0.0,0.0008820165391570246,0.0,0.0,0.0,0.0,0.0,0.0,0.0,0.0039304492139069225,0.0,0.006608384805138107,0.0,0.0,0.0,0.0,0.0,0.0,0.0,0.0,0.015327609786598317,0.011488035395784638,0.0,0.001965545156107308,0.0,0.0,0.0020416648108756053,0.0,0.0,0.0,0.0,0.0
SEC83,0.0,0.0,0.0,0.0,0.0,0.0,0.0,0.0,0.0,0.006613461420643018,0.0,0.0,0.0,0.0,0.0,0.0,0.0012392416000438387,0.0,0.0,0.0,0.0,0.0,0.0,0.0,0.0,0.0,0.003500754225197329,0.0,0.0006228733992403157,0.0,0.0,0.00038415662510780105,0.0,0.0,0.0,0.0,0.0
SEC84,0.0,0.0,0.0,0.0,0.0,0.0,0.0,0.0,0.0,0.0030670154877443273,0.0,0.0,0.0,0.0,0.0,0.0,0.0025210748497118927,0.0,0.0,0.0,0.0,0.0,0.0,0.0,0.0,0.01022505918808782,0.007117934446248119,0.02271504652623727,0.0008672555262807868,0.0,0.0,0.000779454593077263,0.0,0.0,0.0,0.0,0.0
SEC85,0.0,0.0,0.0,0.0,0.0,0.0,0.0,0.0,0.0,0.0,0.0,0.0,0.0,0.0,0.0,0.0,0.000806138241935602,0.0,0.0,0.0,0.0,0.0,0.0,0.0,0.0,0.0,0.002276028877669801,0.0,0.00023973394180385987,0.0,0.0,0.00024921633132456893,0.0,0.0,0.0,0.0,0.0
SEC86,0.005686984439057681,0.03466955956148064,0.0,0.0,0.01999087321816128,0.0,0.006599378345113593,0.0,0.0,0.0,0.0,0.00702199055727042,0.0,0.01332179670862329,0.009760217831856814,0.0,0.008078803504899803,0.0,0.019655953332682823,0.0,0.0,0.0,0.0,0.0,0.0,0.009278773874178274,0.005000062272711519,0.02054589649365304,0.006170655636663232,0.006163638967368345,0.0,0.006426194363491902,0.0,0.0,0.0,0.023179441279919614,0.0
SEC87,0.0,0.0,0.0,0.0,0.0,0.0,0.0010724038700865596,0.0,0.0,0.007344712072947457,0.0,0.0,0.0,0.0,0.0,0.0,0.005392332417896787,0.0,0.0,0.0,0.0,0.0,0.0,0.0,0.0,0.007586206150001276,0.006505822584589978,0.0,0.00188656770994494,0.0,0.0,0.001668123693863665,0.0,0.0,0.0,0.0,0.0
SEC88,0.0,0.0,0.0,0.0,0.0,0.0,0.0,0.18056882261461285,0.0,0.0,0.0,0.0,0.0,0.0,0.0,0.0,0.0015111735714320113,0.0,0.0,0.0,0.0,0.0,0.0,0.0,0.0,0.0,0.004269181043271887,0.0,0.00044968401180879325,0.0,0.0,0.0004674587602130459,0.0,0.0,0.0,0.0,0.0
SEC89,0.0,0.0,0.0,0.0,0.0,0.0,0.0012561805697152285,0.0,0.0,0.004881038238743212,0.0,0.0013391750672745145,0.0,0.007642773770900381,0.005599480195888555,0.01428133734275826,0.009070032180367171,0.0,0.0,0.0,0.0,0.0,0.0,0.0,0.0,0.015105288318196674,0.015403819723291053,0.0,0.002884506012239941,0.0,0.0,0.0028051103873938665,0.008482571207782702,0.0,0.0,0.0,0.0
SEC9,0.11151960720863625,0.0,0.0,0.0,0.0,0.983839818433156,0.0942625410763134,0.0,0.0,0.009687559288296715,0.10307661821741124,0.10030186753715482,0.08502163820828343,0.04735044421848475,0.03469131530196996,0.04387724098463927,0.030839797089075343,0.014615850743945478,0.0,0.0,0.0,0.0,0.15722498937787446,0.0,0.0,0.035597906117464474,0.023779488357320498,0.06427397266198025,0.08360493875066499,0.12084406854565241,0.37301438599924114,0.08653342043497687,0.0121106211222856,0.0,0.0,0.0,0.0
SEC90,0.0,0.0,0.0,0.0,0.0,0.0,0.0,0.0,0.0,0.0033950575256668793,0.0,0.0,0.0,0.0,0.0,0.0,0.0,0.0,0.0,0.0,0.0,0.0,0.0,0.0,0.0,0.0,0.0,0.0,0.00013000335612702355,0.0,0.0,0.0,0.0,0.0,0.0,0.0,0.0
SEC91,0.010956259319004838,0.06674868407183485,0.0,0.0,0.0,0.0,0.008496878175800485,0.0,0.0,0.0,0.0,0.009040558233361615,0.0,0.0,0.0,0.0,0.0,0.0,0.0,0.0,0.07375525967163112,0.0,0.015446590946371025,0.0,0.0,0.0,0.0,0.0,0.007269525480194407,0.011866744065096791,0.03850801301992042,0.0075771098895562345,0.0,0.0,0.0,0.044626964476179955,0.15847123601302662
SEC92,0.0,0.0,0.0,0.0,0.0,0.0,0.0014432656099011211,0.0,0.0,0.0,0.0,0.0015347460798949284,0.0,0.008777279797304062,0.0064306763319237625,0.0,0.0071630011711571445,0.0,0.0,0.0,0.0,0.0,0.0,0.0,0.0,0.01578763056474092,0.008508380204152939,0.0,0.002133165528070057,0.0,0.0,0.0022190154420729845,0.0,0.0,0.0,0.0,0.019566746856759555
SEC93,0.0,0.0,0.0,0.0,0.0,0.0,0.0016195211812848576,0.0,0.0,0.0,0.0,0.0017217163186937327,0.0,0.009852366256398988,0.007218338706478229,0.0,0.004661970628988629,0.0,0.0,0.0,0.0,0.0,0.0,0.0,0.0,0.0,0.0,0.0,0.0013868024486093805,0.0,0.0,0.0014418060799798534,0.0,0.0,0.0,0.0,0.0
SEC94,0.0,0.0,0.0,0.0,0.006603717621635325,0.0,0.0024302113257841347,0.0,0.0,0.0017475552581722631,0.0,0.0025853807077038083,0.0,0.014787192966689656,0.010828651130987335,0.016576899750614736,0.00823501585242143,0.0,0.0,0.0,0.0,0.0,0.0,0.0,0.0,0.006497831583373498,0.003509262165250826,0.014420007848669472,0.0025173848564595046,0.0,0.0,0.0025512622406693663,0.0,0.0,0.0,0.0,0.0
SEC95,0.0,0.0,0.0,0.0,0.0,0.0,0.0,0.0,0.0,0.007812243849276051,0.0,0.0,0.0,0.0,0.0,0.0,0.00203071784252288,0.0,0.0,0.0,0.0,0.0,0.0,0.0,0.0,0.010590720694883033,0.00573014188699004,0.023545887167560807,0.0009024270967657825,0.0,0.0,0.000626934778798053,0.0,0.0,0.0,0.0,0.0
SEC96,0.0,0.0,0.0,0.0,0.0,0.0,0.0037073194106416324,0.0,0.0,0.0,0.10645231894236723,0.0027768963115045024,0.05750970990854177,0.015877182153527982,0.016518297813103544,0.02966820701278477,0.013720690382213461,0.0,0.0,0.0,0.0,0.0,0.0,0.0,0.0,0.015924384648014902,0.00860239048280187,0.016380386789520637,0.004080558543012891,0.0,0.0,0.004242274959167045,0.0073893667373395745,0.0,0.0,0.0,0.0
SEC97,0.0,0.0,0.0,0.0,0.012633009125246729,0.0,0.0027796428109477774,0.0,0.0,0.028350780306110736,0.0,0.002952636484376067,0.06120204744356497,0.0168964569773024,0.01237919360969673,0.031572830653317834,0.011203396212016919,0.030563491326324608,0.0,0.0,0.0,0.0,0.0,0.0,0.0,0.0,0.009074740987014732,0.0,0.004420956195262474,0.0,0.0,0.003464222861376549,0.018787219849436196,0.0,0.0,0.0,0.0
SEC99,0.0,0.0,0.0,0.0,0.0,0.0,0.0,0.0,0.0,0.005966340242008912,0.0,0.0,0.0,0.0,0.0,0.0,0.0,0.0,0.0,0.0,0.0,0.0,0.0,0.0,0.0,0.0,0.0,0.0,0.00022846277254301287,0.0,0.0,0.0,0.0,0.0,0.0,0.0,0.0
